Id,Name,PersonId,LastName,FirstName,Department,RankName,TotalArticleCount,TotalConfProcCount,TotalGrantCount,TotalGrantDollars,TotalAwardCount,TotalCitationCount,TotalBookCount
1485,"BALAKRISHNAN, HAMSA",6622,,,Aeronautics and Astronautics,Professor,46,63,15,0.0,4,1477,1
2190,"BELOBABA, PETER P",287096,,,Aeronautics and Astronautics,Other,24,2,0,0.0,1,303,20
2695,"BINZEL, RICHARD P",10148,,,Aeronautics and Astronautics,Professor,163,13,23,0.0,3,5523,5
3740,"CRAWLEY, EDWARD F",22177,,,Aeronautics and Astronautics,Professor,47,67,30,0.0,7,427,8
3945,"DARMOFAL, DAVID L",138846,,,Aeronautics and Astronautics,Professor,33,52,12,0.0,1,1359,1
3910,"DE WECK, OLIVIER L",25387,,,Aeronautics and Astronautics,Professor,105,155,26,0.0,4,3324,6
4370,"GREITZER, EDWARD M",41860,,,Aeronautics and Astronautics,Professor,15,14,32,0.0,12,634,4
4385,"HAIMES, ROBERT",287897,,,Aeronautics and Astronautics,Other,15,43,33,0.0,0,492,0
2020,"HANSMAN, ROBERT J",79405,,,Aeronautics and Astronautics,Professor,24,71,60,0.0,4,574,0
5390,"HASTINGS, DANIEL E",45995,,,Aeronautics and Astronautics,Professor,35,34,34,0.0,5,1026,1
2660,"HOFFMAN, JEFFREY A",56423,,,Aeronautics and Astronautics,Other,52,67,32,0.0,2,2984,0
2910,"HOW, JONATHAN P",48280,,,Aeronautics and Astronautics,Professor,160,268,58,0.0,5,7482,17
5860,"LEVESON, NANCY G",67304,,,Aeronautics and Astronautics,Professor,49,13,31,0.0,7,2494,16
9895,"LIEBECK, ROBERT H",488062,,,Aeronautics and Astronautics,Other,1,1,0,0.0,7,332,1
4375,"LOZANO, PAULO C",70895,,,Aeronautics and Astronautics,Professor,43,37,28,0.0,1,967,0
1195,"MARZOUK, YOUSSEF M",288611,,,Aeronautics and Astronautics,Associate,72,28,25,0.0,3,1814,1
2680,"MASTERSON, REBECCA A",919190,,,Aeronautics and Astronautics,Other,1,14,3,0.0,0,33,0
2670,"MILLER, DAVID W",156554,,,Aeronautics and Astronautics,Professor,141,97,101,0.0,1,2379,0
6295,"MINDELL, DAVID A",69857,,,Aeronautics and Astronautics,Professor,6,6,2,0.0,5,155,10
5470,"MODIANO, EYTAN H",156907,,,Aeronautics and Astronautics,Professor,112,165,38,0.0,3,5178,4
4815,"NEWMAN, DAVA J",83866,,,Aeronautics and Astronautics,Professor,40,57,26,0.0,3,547,3
5125,"NGUYEN, NGOC CUONG",1108037,,,Aeronautics and Astronautics,Other,64,24,1,0.0,0,4139,0
7490,"OMAN, CHARLES M",175835,,,Aeronautics and Astronautics,Other,27,9,30,0.0,0,304,2
4365,"PERAIRE, JAIME",288941,,,Aeronautics and Astronautics,Professor,84,45,14,0.0,2,3703,3
5610,"RADOVITZKY, RAUL A",118832,,,Aeronautics and Astronautics,Professor,48,6,5,0.0,0,1675,0
2320,"ROY, NICHOLAS",99496,,,Aeronautics and Astronautics,Professor,52,101,21,0.0,6,3223,8
4035,"SAENZ-OTERO, ALVAR",544443,,,Aeronautics and Astronautics,Other,17,28,10,0.0,0,294,2
7055,"SEAGER, SARA",289272,,,Aeronautics and Astronautics,Professor,265,52,51,0.0,14,17212,16
4380,"SPAKOVSZKY, ZOLTAN S",124124,,,Aeronautics and Astronautics,Professor,43,44,10,0.0,4,852,1
1290,"TAN, CHOON S",175834,,,Aeronautics and Astronautics,Other,53,37,29,0.0,1,1245,1
2035,"WAITZ, IAN A",93146,,,Aeronautics and Astronautics,Professor,39,10,31,0.0,3,1322,3
5285,"WANG, QIQI",412240,,,Aeronautics and Astronautics,Associate,109,52,10,0.0,1,3249,0
5105,"WARDLE, BRIAN L",112857,,,Aeronautics and Astronautics,Professor,134,63,21,0.0,0,5578,5
2885,"WILLIAMS, BRIAN C",172038,,,Aeronautics and Astronautics,Professor,34,64,38,0.0,2,1119,0
3665,"WIN, MOE Z",98141,,,Aeronautics and Astronautics,Professor,170,218,20,0.0,14,12495,1
5865,"YOUNG, LAURENCE RETMAN",117267,,,Aeronautics and Astronautics,Other,37,9,23,0.0,6,437,1
19500,"EDOH, MELISSA A",827681,,,Anthropology Program,Assistant,1,0,0,0.0,3,0,1
9540,"HELMREICH, STEFAN",395005,,,Anthropology Program,Professor,48,0,3,0.0,9,1380,15
9535,"PAXSON, HEATHER ANNE",395009,,,Anthropology Program,Professor,17,0,1,0.0,3,387,15
6280,"SILBEY, SUSAN S",395010,,,Anthropology Program,Professor,24,3,8,0.0,10,802,33
9555,"WALLEY, CHRISTINE",395011,,,Anthropology Program,Professor,3,0,2,0.0,0,41,8
4595,"DUTTA, ARINDAM",32435,,,Architecture,Associate,7,0,0,0.0,1,23,14
4580,"FERNANDEZ, JOHN",32175,,,Architecture,Professor,22,5,2,0.0,0,568,2
5790,"JARZOMBEK, MARK",54642,,,Architecture,Professor,29,0,0,0.0,3,27,22
8110,"JONES, CAROLINE A",149233,,,Architecture,Professor,17,0,0,0.0,5,64,19
4575,"NORFORD, LESLIE KEITH",86061,,,Architecture,Professor,126,24,7,0.0,0,3353,1
4285,"OCHSENDORF, JOHN A",87416,,,Architecture,Professor,40,12,1,0.0,5,792,10
8780,"REINHART, CHRISTOPH",544448,,,Architecture,Professor,58,3,3,0.0,1,2326,3
4250,"SANTOS, ADELE NAUDE",102171,,,Architecture,Professor,3,0,0,0.0,3,99,0
7565,"SCOTT, ANDREW M",122202,,,Architecture,Professor,12,0,0,0.0,0,268,2
8640,"SMENTEK, KRISTEL R",176090,,,Architecture,Associate,9,0,0,0.0,2,0,7
4570,"WESCOAT, JAMES",176091,,,Architecture,Professor,32,1,1,0.0,2,347,19
3770,"ALM, ERIC J",176231,,,Biological Engineering,Professor,166,1,10,0.0,1,17395,0
2390,"BATHE, MARK",287081,,,Biological Engineering,Associate,102,4,26,0.0,1,3081,0
2290,"BELCHER, ANGELA M",7658,,,Biological Engineering,Professor,120,3,17,0.0,11,9377,1
2005,"BOYER, LAURIE ANN",175857,,,Biological Engineering,Associate,43,0,5,0.0,2,15667,0
1945,"BURGE, CHRISTOPHER B",135419,,,Biological Engineering,Professor,106,0,17,0.0,5,29847,2
3530,"CHAKRABORTY, ARUP K",17819,,,Biological Engineering,Professor,182,2,19,0.0,13,9944,5
14685,"COLLINS, JAMES J",632090,,,Biological Engineering,Professor,274,3,21,0.0,22,35957,0
4105,"DEDON, PETER C",25472,,,Biological Engineering,Professor,159,0,34,0.0,1,5854,2
2430,"ENGELWARD, BEVIN P",141156,,,Biological Engineering,Professor,76,4,19,0.0,0,1957,1
7960,"ERDMAN, SUSAN E",287657,,,Biological Engineering,Other,63,0,14,0.0,0,2831,2
4070,"ESSIGMANN, JOHN M",34955,,,Biological Engineering,Professor,73,1,40,0.0,1,2729,0
4060,"FOX, JAMES G",142572,,,Biological Engineering,Professor,428,0,65,0.0,3,14515,44
2275,"FRAENKEL, ERNEST",176239,,,Biological Engineering,Professor,91,8,12,0.0,2,7528,5
1845,"GRIFFITH, LINDA G",144921,,,Biological Engineering,Professor,170,11,28,0.0,9,9085,3
1855,"GRODZINSKY, ALAN J",144993,,,Biological Engineering,Professor,203,3,25,0.0,3,7350,17
3360,"HAN, JONGYOON",50517,,,Biological Engineering,Professor,269,10,16,0.0,1,13795,4
3525,"IRVINE, DARRELL J",60069,,,Biological Engineering,Professor,221,7,41,0.0,12,13568,2
1865,"JASANOFF, ALAN PRADIP",61378,,,Biological Engineering,Professor,59,0,20,0.0,2,2327,3
5805,"KEATING, AMY E",150013,,,Biological Engineering,Professor,72,0,12,0.0,1,2929,3
14595,"KOEHLER, ANGELA NICOLE",779088,,,Biological Engineering,Associate,50,0,4,0.0,3,2393,3
1830,"LANGER, ROBERT S",83112,,,Biological Engineering,Professor,975,26,92,0.0,72,107826,62
2245,"LAUFFENBURGER, DOUGLAS A",58851,,,Biological Engineering,Professor,349,19,75,0.0,10,16322,8
1970,"LODISH, HARVEY F",62796,,,Biological Engineering,Professor,186,1,0,0.0,9,15342,15
5590,"LU, TIMOTHY K",412262,,,Biological Engineering,Associate,131,9,31,0.0,10,7114,3
2220,"MANALIS, SCOTT R",176243,,,Biological Engineering,Professor,81,12,24,0.0,3,4893,1
4930,"NILES, JACQUIN",85013,,,Biological Engineering,Professor,39,1,6,0.0,3,1333,0
3350,"SAMSON, LEONA D",82231,,,Biological Engineering,Other,110,0,24,0.0,7,5086,3
5945,"SASISEKHARAN, RAM",176254,,,Biological Engineering,Professor,114,0,29,0.0,5,7584,12
1835,"SO, PETER T. C",14958,,,Biological Engineering,Professor,194,82,12,0.0,2,5105,26
4425,"THILLY, WILLIAM G",126070,,,Biological Engineering,Professor,34,0,18,0.0,0,641,0
1905,"TIDOR, BRUCE",169050,,,Biological Engineering,Professor,79,4,28,0.0,2,7878,2
1605,"VAN VLIET, KRYSTYN J",127288,,,Biological Engineering,Professor,176,6,10,0.0,6,7180,4
2270,"VOIGT, CHRISTOPHER A",488068,,,Biological Engineering,Professor,232,1,36,0.0,7,10023,4
2265,"WEISS, RON",370154,,,Biological Engineering,Professor,130,23,39,0.0,4,12102,0
5055,"WHITE, FOREST M",129009,,,Biological Engineering,Professor,117,2,22,0.0,0,6163,6
1895,"WITTRUP, KARL DANE",115935,,,Biological Engineering,Professor,154,2,29,0.0,4,6672,2
5060,"YAFFE, MICHAEL B",99938,,,Biological Engineering,Professor,249,5,25,0.0,1,15202,13
3185,"AMON, ANGELIKA B",131275,,,Biology,Professor,127,3,12,0.0,15,11246,2
1940,"BAKER, TANIA",6476,,,Biology,Professor,125,1,8,0.0,6,5864,4
2015,"BARTEL, DAVID",6522,,,Biology,Professor,130,1,0,0.0,10,94190,0
1935,"BELL, STEPHEN P",176229,,,Biology,Professor,75,0,14,0.0,6,4339,4
8370,"CHEESEMAN, IAIN M",175855,,,Biology,Professor,83,0,0,0.0,6,6893,3
5065,"CHEN, JIANZHU",176227,,,Biology,Professor,227,2,21,0.0,2,7863,2
3830,"CHISHOLM, SALLIE W",20948,,,Biology,Professor,97,0,20,0.0,14,10560,5
4920,"DRENNAN, CATHERINE L",175862,,,Biology,Professor,157,3,8,0.0,12,4591,4
1995,"FINK, GERALD R",142051,,,Biology,Other,82,1,0,0.0,11,8853,9
9605,"GEHRING, MARY",412245,,,Biology,Associate,36,0,0,0.0,3,3015,1
2780,"GERTLER, FRANK",38616,,,Biology,Professor,134,4,8,0.0,3,7622,3
7780,"GROSSMAN, ALAN DAVIS",176390,,,Biology,Professor,68,0,18,0.0,5,3882,2
5445,"GUARENTE, LEONARD PERSHING",48651,,,Biology,Professor,148,2,16,0.0,4,25897,8
3085,"GUPTA, PIYUSH",412246,,,Biology,Associate,72,1,0,0.0,2,10820,29
2010,"HEMANN, MICHAEL",46757,,,Biology,Associate,130,3,5,0.0,2,8081,2
1960,"HORVITZ, HOWARD ROBERT",48052,,,Biology,Professor,92,0,9,0.0,16,13548,2
5305,"HOUSMAN, DAVID E",48264,,,Biology,Professor,85,0,23,0.0,5,5162,5
2410,"HYNES, RICHARD O",52479,,,Biology,Professor,144,2,28,0.0,14,12363,3
5940,"IMPERIALI, BARBARA",176237,,,Biology,Professor,135,0,37,0.0,8,4830,4
2425,"JACKS, TYLER E",50211,,,Biology,Professor,242,11,53,0.0,13,33912,6
1965,"JAENISCH, RUDOLF",288069,,,Biology,Professor,307,2,0,0.0,18,69354,16
5890,"KAISER, CHRIS",56932,,,Biology,Professor,25,0,8,0.0,2,3588,8
2500,"KIM, DENNIS H",54419,,,Biology,Professor,260,0,5,0.0,3,7989,6
3295,"KING, JONATHAN ALAN",176485,,,Biology,Other,155,3,18,0.0,1,3840,0
5465,"KRIEGER, MONTY",56559,,,Biology,Professor,57,1,10,0.0,1,3024,7
2420,"LANDER, ERIC S",152018,,,Biology,Professor,388,4,14,0.0,30,210707,7
1925,"LAUB, MICHAEL T",83316,,,Biology,Professor,87,0,7,0.0,6,5240,6
5415,"LEES, JACQUELINE",59618,,,Biology,Professor,67,1,6,0.0,2,2902,2
23855,"LEHMANN, RUTH E",66756,,,Biology,Professor,91,0,0,0.0,10,3755,8
6465,"LITTLETON, J TROY",288487,,,Biology,Professor,77,0,19,0.0,4,3651,1
9920,"MARTIN, ADAM C",488069,,,Biology,Associate,52,0,4,0.0,2,2954,0
3335,"NEDIVI, ELLY",158035,,,Biology,Professor,37,4,13,0.0,3,1833,1
1990,"ORR-WEAVER, TERRY",74328,,,Biology,Professor,64,0,0,0.0,6,3126,2
5455,"PAGE, DAVID C",74957,,,Biology,Professor,111,1,0,0.0,13,6708,1
4065,"RAJBHANDARY, UTTAM L",176256,,,Biology,Professor,35,0,11,0.0,2,1165,1
5450,"REDDIEN, PETER",161933,,,Biology,Professor,57,0,0,0.0,8,5111,1
5575,"REGEV, AVIV",176255,,,Biology,Professor,379,26,5,0.0,16,73341,9
3175,"SABATINI, DAVID",289215,,,Biology,Professor,237,10,2,0.0,11,65283,10
1920,"SAUER, ROBERT T",164073,,,Biology,Professor,147,1,13,0.0,5,7205,1
7715,"SCHWARTZ, THOMAS",164713,,,Biology,Professor,61,0,9,0.0,1,3111,0
1975,"SHARP, PHILLIP A",122664,,,Biology,Professor,160,7,21,0.0,21,27671,3
2630,"SINSKEY, ANTHONY J",85646,,,Biology,Professor,107,4,9,0.0,2,3599,3
1955,"SIVE, HAZEL L",176497,,,Biology,Professor,86,0,1,0.0,1,2719,5
7620,"STEINER, LISA A",124603,,,Biology,Professor,18,1,3,0.0,1,832,2
7675,"TONEGAWA, SUSUMU",169218,,,Biology,Professor,108,2,23,0.0,8,10209,2
23655,"WALKER, BRUCE",112395,,,Biology,Other,544,0,0,0.0,10,34604,12
4925,"WALKER, GRAHAM C",176500,,,Biology,Professor,234,5,20,0.0,10,7517,1
4075,"WEINBERG, ROBERT A",94944,,,Biology,Professor,179,13,0,0.0,32,79410,4
23965,"WEISSMAN, JONATHAN",315469,,,Biology,Professor,244,4,0,0.0,17,46109,5
2840,"WILSON, MATTHEW A",129535,,,Biology,Professor,88,9,16,0.0,7,7061,0
23890,"YAMASHITA, YUKIKO",116733,,,Biology,Professor,114,0,0,0.0,5,3927,5
1980,"YOUNG, RICHARD A",100462,,,Biology,Professor,261,8,0,0.0,6,47907,0
1065,"ADELSON, EDWARD H",718,,,Brain and Cognitive Sciences,Professor,60,46,15,0.0,10,2923,2
1795,"ANIKEEVA, POLINA OLEGOVNA",488093,,,Brain and Cognitive Sciences,Associate,77,8,14,0.0,6,4490,0
2785,"BEAR, MARK",176351,,,Brain and Cognitive Sciences,Professor,105,0,20,0.0,10,12518,18
2870,"BOYDEN, EDWARD",12578,,,Brain and Cognitive Sciences,Professor,200,11,54,0.0,21,17190,10
2845,"BROWN, EMERY NEAL",176268,,,Brain and Cognitive Sciences,Professor,246,92,5,0.0,13,11883,7
2815,"DESIMONE, ROBERT",176355,,,Brain and Cognitive Sciences,Professor,79,3,10,0.0,7,6323,0
2775,"DICARLO, JAMES",176354,,,Brain and Cognitive Sciences,Professor,65,11,14,0.0,3,5462,4
7550,"FEE, MICHALE SEAN",176353,,,Brain and Cognitive Sciences,Professor,45,1,6,0.0,1,3007,1
2825,"FENG, GUOPING",412326,,,Brain and Cognitive Sciences,Professor,155,2,12,0.0,9,10967,6
16130,"FIETE, ILA",34519,,,Brain and Cognitive Sciences,Associate,32,1,2,0.0,6,1607,1
5895,"GABRIELI, JOHN D. E",140613,,,Brain and Cognitive Sciences,Professor,255,1,36,0.0,9,18915,8
23875,"GHOSH, SATRAJIT S",787699,,,Brain and Cognitive Sciences,Other,90,8,10,0.0,0,5188,1
4980,"GIBSON, EDWARD A",35292,,,Brain and Cognitive Sciences,Professor,101,7,8,0.0,1,3171,7
2770,"GRAYBIEL, ANN M",176361,,,Brain and Cognitive Sciences,Professor,120,3,36,0.0,12,8157,16
19205,"HALASSA, MICHAEL M",746589,,,Brain and Cognitive Sciences,Assistant,50,1,2,0.0,7,3881,6
5780,"HOGAN, NEVILLE",56722,,,Brain and Cognitive Sciences,Professor,86,73,15,0.0,3,4673,0
5915,"KANWISHER, NANCY",57328,,,Brain and Cognitive Sciences,Professor,224,9,23,0.0,9,12267,18
16145,"LEVY, ROGER P",205822,,,Brain and Cognitive Sciences,Associate,43,28,4,0.0,6,5354,0
1030,"MCDERMOTT, JOSHUA HARTMAN",627126,,,Brain and Cognitive Sciences,Associate,81,12,5,0.0,2,2129,2
7680,"MILLER, EARL K",176365,,,Brain and Cognitive Sciences,Professor,101,3,19,0.0,8,6743,9
8470,"PANTAZIS, DIMITRIOS",395312,,,Brain and Cognitive Sciences,Other,75,25,2,0.0,0,3188,3
2375,"POGGIO, TOMASO A",176363,,,Brain and Cognitive Sciences,Professor,77,24,34,0.0,6,6921,22
7885,"PRELEC, DRAZEN",161067,,,Brain and Cognitive Sciences,Professor,36,0,6,0.0,3,3421,16
1035,"ROSENHOLTZ, RUTH ELLEN",544456,,,Brain and Cognitive Sciences,Other,83,9,5,0.0,4,1269,1
4975,"SAXE, REBECCA R",176362,,,Brain and Cognitive Sciences,Professor,145,1,6,0.0,7,9714,20
7290,"SCHULZ, LAURA E",122084,,,Brain and Cognitive Sciences,Professor,61,0,3,0.0,7,2363,0
7690,"SHENG, MORGAN HWA-TZE",103684,,,Brain and Cognitive Sciences,Professor,133,0,2,0.0,8,16255,4
7890,"SINHA, PAWAN",176368,,,Brain and Cognitive Sciences,Professor,135,8,5,0.0,6,1926,0
6965,"SLOTINE, JEAN-JACQUES E",166205,,,Brain and Cognitive Sciences,Professor,94,63,2,0.0,3,6781,6
2800,"SUR, MRIGANKA",176367,,,Brain and Cognitive Sciences,Professor,125,12,38,0.0,7,7569,12
4970,"TENENBAUM, JOSHUA B",108215,,,Brain and Cognitive Sciences,Professor,133,41,21,0.0,9,8909,21
3290,"TSAI, LI-HUEI",176373,,,Brain and Cognitive Sciences,Professor,202,1,39,0.0,9,21208,13
8760,"ULLMAN, SHIMON",544457,,,Brain and Cognitive Sciences,Other,45,26,1,0.0,4,1848,5
23920,"WANG, FAN",170896,,,Brain and Cognitive Sciences,Professor,228,1,5,0.0,9,8457,0
8740,"XU, WEIFENG",289767,,,Brain and Cognitive Sciences,Assistant,43,0,2,0.0,1,2654,0
2405,"ZHANG, FENG",488071,,,Brain and Cognitive Sciences,Professor,609,21,0,0.0,23,89346,0
2435,"ANDERSON, DANIEL GRIFFITH",412267,,,Chemical Engineering,Associate,527,3,10,0.0,1,36925,0
1390,"ARMSTRONG, ROBERT C",2717,,,Chemical Engineering,Professor,27,0,8,0.0,6,2687,0
5475,"BARTON, PAUL I",132682,,,Chemical Engineering,Professor,166,23,9,0.0,4,4381,5
5425,"BAZANT, MARTIN Z",412297,,,Chemical Engineering,Professor,229,7,8,0.0,2,13881,3
2720,"BLANKSCHTEIN, EDMUNDO D",287136,,,Chemical Engineering,Professor,108,4,2,0.0,0,4610,1
2335,"BRAATZ, RICHARD D",412328,,,Chemical Engineering,Professor,293,103,4,0.0,12,7283,14
3225,"COHEN, ROBERT E",21240,,,Chemical Engineering,Other,171,3,0,0.0,8,23007,0
6655,"COLTON, CLARK K",137689,,,Chemical Engineering,Professor,40,3,15,0.0,6,1795,1
2250,"DOYLE, PATRICK S",29241,,,Chemical Engineering,Professor,243,12,13,0.0,2,11063,0
3030,"GLEASON, KAREN K",39925,,,Chemical Engineering,Professor,289,7,19,0.0,9,10779,6
2330,"GREEN, WILLIAM H",144767,,,Chemical Engineering,Professor,209,20,22,0.0,3,5927,0
1875,"HAMMOND, PAULA T",145732,,,Chemical Engineering,Professor,373,5,28,0.0,22,24174,5
2415,"HATTON, TREVOR ALAN",46018,,,Chemical Engineering,Professor,279,0,18,0.0,1,11594,2
7650,"HERZOG, HOWARD J",1108040,,,Chemical Engineering,Other,54,4,14,0.0,0,2442,3
1695,"JENSEN, KLAVS F",54951,,,Chemical Engineering,Professor,293,5,30,0.0,15,19660,6
5585,"LOVE, JOHN C",63580,,,Chemical Engineering,Professor,184,2,32,0.0,6,13732,4
2615,"OLSEN, BRADLEY D",412248,,,Chemical Engineering,Associate,144,0,17,0.0,10,3996,4
1360,"RUTLEDGE, GREGORY C",81733,,,Chemical Engineering,Professor,166,2,9,0.0,4,10749,1
9610,"SIKES JOHNSON, HADLEY",412250,,,Chemical Engineering,Associate,67,0,4,0.0,2,903,1
15310,"SMITH, ZACHARY P",827668,,,Chemical Engineering,Assistant,55,0,2,0.0,3,3164,0
5490,"STEPHANOPOULOS, GEORGE",87081,,,Chemical Engineering,Other,33,2,7,0.0,12,1402,5
5480,"STEPHANOPOULOS, GREGORY",176252,,,Chemical Engineering,Professor,267,7,30,0.0,18,21276,20
1380,"STRANO, MICHAEL S",106262,,,Chemical Engineering,Professor,366,6,27,0.0,18,33729,9
1885,"TROUT, BERNHARDT L",126739,,,Chemical Engineering,Professor,173,0,6,0.0,3,7461,7
7195,"VIRK, PREETINDER S",92469,,,Chemical Engineering,Other,6,0,0,0.0,0,200,0
6135,"WANG, DANIEL I. C",176262,,,Chemical Engineering,Professor,82,1,5,0.0,7,6016,0
1700,"BAWENDI, MOUNGI G",6075,,,Chemistry,Professor,305,37,23,0.0,18,36389,7
3300,"BUCHWALD, STEPHEN LEFFLER",14772,,,Chemistry,Professor,377,1,20,0.0,19,40015,3
1890,"CAO, JIANSHU",135965,,,Chemistry,Professor,168,5,6,0.0,1,11112,4
7840,"CEYER, SYLVIA TERESSE",136402,,,Chemistry,Professor,7,0,10,0.0,12,183,0
4590,"CUMMINS, CHRISTOPHER C",138494,,,Chemistry,Professor,166,3,18,0.0,14,4581,0
3970,"DANHEISER, RICK LANE",23965,,,Chemistry,Professor,38,0,8,0.0,5,1051,8
1910,"DASARI, RAMACHANDRA RAO",1108042,,,Chemistry,Other,146,44,5,0.0,0,9205,0
2050,"DINCA, MIRCEA",412252,,,Chemistry,Associate,151,1,6,0.0,12,20270,0
4530,"FIELD, ROBERT W",32379,,,Chemistry,Professor,169,51,24,0.0,14,2829,1
7405,"GRIFFIN, ROBERT GUY",144907,,,Chemistry,Professor,234,15,58,0.0,4,14265,2
8020,"HONG, MEI",147502,,,Chemistry,Professor,182,0,7,0.0,7,6792,2
2340,"JAMISON, TIMOTHY F",61186,,,Chemistry,Professor,186,0,7,0.0,5,9760,3
6040,"JOHNSON, JEREMIAH A",488073,,,Chemistry,Associate,126,2,11,0.0,5,6304,0
16680,"KIESSLING, LAURA L",60109,,,Chemistry,Professor,254,1,8,0.0,17,4942,9
5950,"KLIBANOV, ALEXANDER M",68245,,,Chemistry,Other,76,1,7,0.0,6,5135,0
7630,"KOOI, STEVEN E",1108041,,,Chemistry,Other,68,12,1,0.0,0,1902,1
3285,"LIPPARD, STEPHEN J",176245,,,Chemistry,Other,343,0,36,0.0,20,27465,15
1820,"NELSON, KEITH ADAM",158105,,,Chemistry,Professor,260,96,48,0.0,11,9296,2
7955,"NOLAN, ELIZABETH MARIE",412253,,,Chemistry,Professor,94,0,10,0.0,10,6121,1
18445,"RAINES, RONALD T",178332,,,Chemistry,Professor,291,4,7,0.0,12,14066,14
3845,"SCHROCK, RICHARD ROYCE",83777,,,Chemistry,Other,222,2,26,0.0,15,10392,4
6905,"SOLOMON, SUSAN",544464,,,Chemistry,Professor,196,0,5,0.0,23,10497,12
3785,"STUBBE, JOANNE",176260,,,Chemistry,Other,156,3,19,0.0,17,5607,4
7775,"SURENDRANATH, YOGESH",627130,,,Chemistry,Associate,73,4,12,0.0,10,9929,1
1340,"SWAGER, TIMOTHY M",125401,,,Chemistry,Professor,382,13,59,0.0,17,20040,7
1810,"VAN VOORHIS, TROY",127724,,,Chemistry,Professor,160,7,6,0.0,5,12556,1
19365,"ZHANG, BIN",827628,,,Chemistry,Assistant,139,10,3,0.0,3,4361,0
2200,"BARNHART, CYNTHIA",7485,,,Civil and Environmental Engineering,Professor,49,4,20,0.0,4,1169,16
2540,"BEN-AKIVA, MOSHE E",9049,,,Civil and Environmental Engineering,Professor,151,21,17,0.0,1,3432,26
3180,"BUEHLER, MARKUS J",135309,,,Civil and Environmental Engineering,Professor,465,20,26,0.0,16,21183,25
3310,"BUYUKOZTURK, ORAL",14923,,,Civil and Environmental Engineering,Professor,79,198,13,0.0,2,2954,5
4475,"EINSTEIN, HERBERT H",29601,,,Civil and Environmental Engineering,Professor,80,9,13,0.0,2,2213,2
1680,"ELTAHIR, ELFATIH A. B",4946,,,Civil and Environmental Engineering,Professor,99,1,15,0.0,3,2095,0
4915,"ENTEKHABI, DARA",34408,,,Civil and Environmental Engineering,Professor,178,92,44,0.0,7,8301,2
2725,"GSCHWEND, PHILIP M",107510,,,Civil and Environmental Engineering,Professor,45,1,27,0.0,1,2047,1
5280,"HARVEY, CHARLES F",43839,,,Civil and Environmental Engineering,Professor,63,7,22,0.0,6,2891,0
9350,"HEALD, COLETTE L",544462,,,Civil and Environmental Engineering,Professor,136,1,9,0.0,1,8349,1
14990,"JADBABAIE-MOGHADAM, ALI",60885,,,Civil and Environmental Engineering,Professor,44,130,12,0.0,5,5055,0
2535,"JAILLET, PATRICK",148653,,,Civil and Environmental Engineering,Professor,57,39,10,0.0,1,1310,5
5660,"JUANES, RUBEN",52517,,,Civil and Environmental Engineering,Professor,138,36,9,0.0,1,4569,2
4520,"KROLL, JESSE",288366,,,Civil and Environmental Engineering,Professor,179,3,23,0.0,6,16916,2
15015,"MASIC, ADMIR",789736,,,Civil and Environmental Engineering,Assistant,89,3,0,0.0,0,3084,1
4465,"MCLAUGHLIN, DENNIS",68543,,,Civil and Environmental Engineering,Professor,44,10,12,0.0,1,1188,0
4445,"NEPF, HEIDI",83154,,,Civil and Environmental Engineering,Professor,99,2,12,0.0,3,4788,2
23840,"PELLENQ, ROLAND J M",1108043,,,Civil and Environmental Engineering,Other,158,25,0,0.0,1,5807,5
17425,"PLATA, DESIREE LOUISE",635686,,,Civil and Environmental Engineering,Assistant,61,0,2,0.0,4,1766,0
3810,"POLZ, MARTIN F",176491,,,Civil and Environmental Engineering,Professor,99,1,13,0.0,2,6524,5
7375,"SHEFFI, YOSEF",289312,,,Civil and Environmental Engineering,Professor,17,0,23,0.0,2,426,13
2185,"SIMCHI-LEVI, DAVID",165888,,,Civil and Environmental Engineering,Professor,105,6,7,0.0,5,2770,19
4415,"ULM, FRANZ-JOSEF",90673,,,Civil and Environmental Engineering,Professor,166,28,6,0.0,4,8148,12
6195,"WHITTLE, ANDREW",96890,,,Civil and Environmental Engineering,Professor,77,29,7,0.0,6,1382,5
23955,"WILLIAMS, EARLE R",289724,,,Civil and Environmental Engineering,Other,130,4,23,0.0,3,3429,0
4825,"WILLIAMS, JOHN R",289725,,,Civil and Environmental Engineering,Professor,68,22,3,0.0,0,3757,5
23455,"CASALEGNO, FEDERICO",837840,,,Comparative Media Studies/Writing Section,Other,14,36,0,0.0,0,83,4
9700,"CONDRY, IAN",412300,,,Comparative Media Studies/Writing Section,Professor,10,0,1,0.0,3,150,17
10335,"HENDERSHOT, HEATHER JEAN",544606,,,Comparative Media Studies/Writing Section,Professor,15,0,0,0.0,4,9,18
6060,"KLOPFER, ERIC",61415,,,Comparative Media Studies/Writing Section,Professor,25,7,24,0.0,2,1089,15
2930,"LEVENSON, THOMAS",412373,,,Comparative Media Studies/Writing Section,Professor,1,0,0,0.0,1,0,5
7455,"LIGHTMAN, ALAN PAIGE",544611,,,Comparative Media Studies/Writing Section,Other,6,0,0,0.0,5,3,56
10340,"MNOOKIN, SETH",544607,,,Comparative Media Studies/Writing Section,Professor,1,0,0,0.0,3,28,8
9880,"PARADIS, JAMES G",412375,,,Comparative Media Studies/Writing Section,Professor,6,0,2,0.0,1,2,9
10505,"SCHIAPPA, ANTHONY EDWARD",627171,,,Comparative Media Studies/Writing Section,Professor,19,0,0,0.0,5,448,14
10345,"TAYLOR, TINA LYNN",544608,,,Comparative Media Studies/Writing Section,Professor,5,2,0,0.0,0,154,4
9805,"URICCHIO, WILLIAM",412350,,,Comparative Media Studies/Writing Section,Professor,12,0,1,0.0,2,112,40
9765,"WANG, JING",412334,,,Comparative Media Studies/Writing Section,Professor,100,4,0,0.0,5,5719,4
8505,"ANDRADE LIMA, EDUARDO",779055,,,Earth,Other,39,2,3,0.0,0,898,0
3380,"BOSAK, TANJA",176228,,,Earth,Associate,58,4,4,0.0,8,1691,3
3820,"BOYLE, EDWARD A",176388,,,Earth,Professor,82,2,28,0.0,8,4562,0
4135,"BURCHFIEL, B CLARK",287193,,,Earth,Other,25,3,14,0.0,7,3234,8
5220,"CHATTERJEE, NILANJAN",544465,,,Earth,Other,51,2,0,0.0,1,1654,2
8710,"CZICZO, DANIEL JAMES",488076,,,Earth,Associate,102,4,9,0.0,1,3790,4
9210,"DURHAM, WILLIAM B",287588,,,Earth,Other,30,0,10,0.0,3,674,1
4895,"EMANUEL, KERRY ANDREW",287645,,,Earth,Professor,189,3,43,0.0,14,12752,13
4620,"EVANS, JAMES BRIAN",32545,,,Earth,Other,56,6,18,0.0,1,2238,0
5655,"FEHLER, MICHAEL C",544467,,,Earth,Other,89,81,5,0.0,1,1717,4
4780,"FERRARI, RAFFAELE",33865,,,Earth,Professor,149,0,20,0.0,1,8568,2
4770,"FLIERL, GLENN RICHARD",176392,,,Earth,Professor,59,1,10,0.0,1,1064,2
3790,"FOLLOWS, MICHAEL J",175847,,,Earth,Professor,157,3,22,0.0,1,10487,4
8795,"FREY, FREDERICK AUGUST",176391,,,Earth,Other,30,2,17,0.0,5,2026,0
23725,"GAO, XIANG",936765,,,Earth,Other,33,2,1,0.0,0,1580,0
2685,"GROVE, TIMOTHY L",42525,,,Earth,Professor,115,1,34,0.0,9,4812,5
4160,"HAGER, BRADFORD H",176397,,,Earth,Professor,38,5,32,0.0,6,1875,0
5720,"HILL, CHRISTOPHER N",544469,,,Earth,Other,66,8,17,0.0,0,2426,0
4155,"KING, ROBERT W",544470,,,Earth,Other,33,3,23,0.0,1,2458,0
6910,"LINDZEN, RICHARD SIEGMUND",93226,,,Earth,Other,30,3,9,0.0,8,360,14
3805,"MARSHALL, JOHN",176483,,,Earth,Professor,180,11,45,0.0,5,6049,1
7315,"MOLINA, MARIO J",544472,,,Earth,Other,141,2,19,0.0,23,10629,11
7330,"MORGAN, FRANK DALE",288740,,,Earth,Professor,21,9,5,0.0,1,420,0
8565,"O'GORMAN, PAUL",175844,,,Earth,Professor,60,0,4,0.0,0,4144,0
6595,"PERRON, JAY TAYLOR",288948,,,Earth,Professor,74,5,8,0.0,4,2774,0
4740,"PLUMB, RAYMOND ALAN",288991,,,Earth,Other,30,0,24,0.0,5,858,2
4900,"PRINN, RONALD G",161150,,,Earth,Professor,196,2,33,0.0,1,7492,6
4865,"RAVELA, SAI CZANDER",544474,,,Earth,Other,18,19,9,0.0,0,689,3
1670,"RIZZOLI, PAOLA M",65488,,,Earth,Professor,37,1,23,0.0,2,515,4
4650,"ROTHMAN, DANIEL H",120692,,,Earth,Professor,54,0,13,0.0,4,1527,2
3400,"ROYDEN, LEIGH H",81401,,,Earth,Professor,34,2,5,0.0,11,3984,2
4910,"SCHLOSSER, COURTNEY ADAM",919205,,,Earth,Other,58,1,10,0.0,1,2534,1
4905,"STONE, PETER H",176495,,,Earth,Other,90,2,13,0.0,2,4766,0
3205,"SUMMONS, ROGER E",176494,,,Earth,Professor,233,19,23,0.0,8,13364,18
4200,"VAN DER HILST, ROBERT D",26210,,,Earth,Professor,95,3,16,0.0,5,6419,5
2650,"WEISS, BENJAMIN P",171439,,,Earth,Professor,128,7,22,0.0,6,4097,6
23865,"WINCHESTER, NIVEN STEWART",1108044,,,Earth,Other,50,0,1,0.0,0,615,0
2690,"WISDOM, JACK",98227,,,Earth,Professor,27,0,5,0.0,3,1280,2
4715,"WUNSCH, CARL ISAAC",176499,,,Earth,Other,96,2,35,0.0,12,4351,9
2655,"ZUBER, MARIA",101859,,,Earth,Professor,226,24,34,0.0,20,10958,5
15960,"ABADIE, ALBERTO",241039,,,Economics,Professor,24,0,0,0.0,3,6059,5
4220,"ACEMOGLU, K DARON",286887,,,Economics,Professor,287,21,6,0.0,20,16097,111
1250,"ANGELETOS, GEORGE M",2324,,,Economics,Professor,57,0,3,0.0,3,2602,6
1650,"ANGRIST, JOSHUA",4478,,,Economics,Professor,51,0,1,0.0,4,3257,17
1640,"AUTOR, DAVID H",131945,,,Economics,Professor,73,0,1,0.0,12,6766,20
4480,"BANERJEE, ABHIJIT",132352,,,Economics,Professor,102,0,6,0.0,9,6297,38
3500,"CABALLERO, RICARDO J",16278,,,Economics,Professor,73,0,3,0.0,10,2737,11
1630,"CHERNOZHUKOV, VICTOR V",20338,,,Economics,Professor,111,0,6,0.0,7,4278,8
1635,"DUFLO, ESTHER",29770,,,Economics,Professor,109,0,7,0.0,18,12377,47
7925,"ELLISON, GLENN DAVID",141014,,,Economics,Professor,31,0,1,0.0,7,1682,14
7920,"ELLISON, SARA FISHER",544479,,,Economics,Other,9,0,0,0.0,2,581,7
4350,"FINKELSTEIN, AMY",32612,,,Economics,Professor,87,0,9,0.0,13,5611,7
16135,"FUDENBERG, DREW",34875,,,Economics,Professor,106,1,3,0.0,7,4697,13
9280,"GIBBONS, ROBERT S",287812,,,Economics,Professor,27,0,0,0.0,9,1293,1
5140,"GRUBER, JONATHAN",41010,,,Economics,Professor,95,0,1,0.0,9,4234,32
5635,"HARRIS, JEFFREY E",51694,,,Economics,Professor,32,0,0,0.0,2,587,2
23960,"MORRIS, STEPHEN E",293928,,,Economics,Professor,127,0,1,0.0,7,3072,12
3715,"NEWEY, WHITNEY K",83855,,,Economics,Professor,52,0,6,0.0,6,2153,23
4485,"OLKEN, BENJAMIN",175961,,,Economics,Professor,51,0,4,0.0,3,3673,8
8355,"PALTSEV, SERGEY",1108047,,,Economics,Other,87,3,1,0.0,1,2914,7
1645,"PATHAK, PARAG",175960,,,Economics,Professor,55,0,0,0.0,10,3121,2
8315,"POTERBA, JAMES MICHAEL",160940,,,Economics,Professor,65,0,0,0.0,15,1477,52
2175,"ROSE, NANCY L",120488,,,Economics,Professor,5,0,1,0.0,5,200,8
7740,"TOWNSEND, ROBERT",175965,,,Economics,Professor,66,2,0,0.0,7,1708,14
7665,"WERNING, IVAN",128824,,,Economics,Professor,44,0,0,0.0,4,1236,4
7710,"YILDIZ, MUHAMET",130451,,,Economics,Professor,31,1,0,0.0,3,443,1
7400,"ADALSTEINSSON, ELFAR",112328,,,Electrical Engineering and Computer Sciences,Professor,102,16,21,0.0,1,3785,1
1130,"AGARWAL, ANANT",765,,,Electrical Engineering and Computer Sciences,Professor,25,41,12,0.0,6,2745,5
2080,"AKINWANDE, AKINTUNDE I",113445,,,Electrical Engineering and Computer Sciences,Professor,58,53,25,0.0,2,1123,2
1100,"AMARASINGHE, SAMAN P",1745,,,Electrical Engineering and Computer Sciences,Professor,31,65,17,0.0,3,2748,3
1560,"BALAKRISHNAN, HARI",4077,,,Electrical Engineering and Computer Sciences,Professor,38,96,15,0.0,10,12525,4
1330,"BALDO, MARC A",6644,,,Electrical Engineering and Computer Sciences,Professor,106,17,12,0.0,0,6559,4
2350,"BARZILAY, REGINA",7865,,,Electrical Engineering and Computer Sciences,Professor,57,47,19,0.0,6,1707,0
1325,"BERGGREN, KARL K",9467,,,Electrical Engineering and Computer Sciences,Professor,187,66,31,0.0,3,7538,2
5685,"BERNERS-LEE, TIMOTHY J",175956,,,Electrical Engineering and Computer Sciences,Professor,17,18,10,0.0,23,4124,18
2210,"BHATIA, SANGEETA N",8219,,,Electrical Engineering and Computer Sciences,Professor,240,3,27,0.0,16,24500,11
1270,"BONING, DUANE S",11597,,,Electrical Engineering and Computer Sciences,Professor,47,50,8,0.0,1,575,5
3995,"BRAIDA, LOUIS D",24465,,,Electrical Engineering and Computer Sciences,Professor,42,1,26,0.0,0,662,0
1345,"BULOVIC, VLADIMIR",14212,,,Electrical Engineering and Computer Sciences,Professor,204,52,14,0.0,3,22879,2
3660,"CHAN, VINCENT W. S",121041,,,Electrical Engineering and Computer Sciences,Professor,114,102,27,0.0,2,4230,3
1110,"CHANDRAKASAN, ANANTHA P",19111,,,Electrical Engineering and Computer Sciences,Professor,134,203,11,0.0,8,11401,14
1200,"CHLIPALA, ADAM",488078,,,Electrical Engineering and Computer Sciences,Associate,23,39,10,0.0,8,872,2
2575,"CHUANG, ISAAC",21544,,,Electrical Engineering and Computer Sciences,Professor,103,17,26,0.0,6,3383,1
4235,"DAHLEH, MUNTHER A",26320,,,Electrical Engineering and Computer Sciences,Professor,62,101,36,0.0,5,2577,2
4315,"DAVIS, RANDALL",139047,,,Electrical Engineering and Computer Sciences,Professor,23,53,18,0.0,3,873,0
1265,"DEL ALAMO, JESUS A",25772,,,Electrical Engineering and Computer Sciences,Professor,135,91,9,0.0,7,5158,3
1535,"DEMAINE, ERIK D",139391,,,Electrical Engineering and Computer Sciences,Professor,176,158,17,0.0,9,4931,76
1080,"DEVADAS, SRINIVAS",28908,,,Electrical Engineering and Computer Sciences,Professor,62,105,23,0.0,5,5479,9
1020,"DURAND, FREDERIC",28679,,,Electrical Engineering and Computer Sciences,Professor,132,105,7,0.0,5,10670,8
4870,"FISHER, JOHN W",287702,,,Electrical Engineering and Computer Sciences,Other,37,129,12,0.0,0,2121,0
5115,"FREEMAN, DENNIS M",40183,,,Electrical Engineering and Computer Sciences,Professor,27,15,12,0.0,1,523,4
1025,"FREEMAN, WILLIAM T",34370,,,Electrical Engineering and Computer Sciences,Other,78,112,12,0.0,8,14298,0
2745,"FUJIMOTO, JAMES G",41191,,,Electrical Engineering and Computer Sciences,Professor,367,134,57,0.0,17,20954,57
1520,"GIFFORD, DAVID K",44443,,,Electrical Engineering and Computer Sciences,Professor,94,18,38,0.0,2,13851,2
2315,"GLASS, JAMES R",287826,,,Electrical Engineering and Computer Sciences,Other,37,165,14,0.0,2,2105,0
4335,"GOLDWASSER, SHAFRIRA",46062,,,Electrical Engineering and Computer Sciences,Professor,12,49,13,0.0,16,2038,11
3120,"GRAY, MARTHA L",39725,,,Electrical Engineering and Computer Sciences,Professor,28,2,40,0.0,4,1618,2
5090,"GRIMSON, WILLIAM E",175954,,,Electrical Engineering and Computer Sciences,Professor,20,36,39,0.0,6,2074,7
1510,"GUTTAG, JOHN V",43476,,,Electrical Engineering and Computer Sciences,Professor,44,42,24,0.0,2,2829,7
5265,"HAGELSTEIN, PETER L",43792,,,Electrical Engineering and Computer Sciences,Associate,15,17,11,0.0,1,53,5
4860,"HORN, BERTHOLD K. P",75480,,,Electrical Engineering and Computer Sciences,Professor,28,31,1,0.0,4,513,0
9305,"HU, QING",288003,,,Electrical Engineering and Computer Sciences,Professor,149,76,57,0.0,7,7006,0
23895,"HUFNAGEL, STEFANIE S",1108050,,,Electrical Engineering and Computer Sciences,Other,70,9,20,0.0,0,404,3
23945,"HUTTENLOCHER, DANIEL P",235894,,,Electrical Engineering and Computer Sciences,Professor,13,27,0,0.0,5,10183,7
3680,"INDYK, PIOTR",49676,,,Electrical Engineering and Computer Sciences,Professor,22,84,14,0.0,10,4489,8
2310,"JAAKKOLA, TOMMI S",50192,,,Electrical Engineering and Computer Sciences,Professor,35,19,3,0.0,5,2195,17
6035,"JACKSON, DANIEL",60492,,,Electrical Engineering and Computer Sciences,Professor,22,57,14,0.0,6,1580,3
1545,"KAASHOEK, M FRANS",288248,,,Electrical Engineering and Computer Sciences,Professor,20,36,16,0.0,10,1968,5
2150,"KAELBLING, LESLIE P",149514,,,Electrical Engineering and Computer Sciences,Professor,25,56,23,0.0,2,1082,8
7230,"KAGAL, LALANA S",1108082,,,Electrical Engineering and Computer Sciences,Other,13,34,5,0.0,2,913,3
1500,"KARGER, DAVID R",57526,,,Electrical Engineering and Computer Sciences,Professor,42,96,9,0.0,13,5482,11
1490,"KATABI, DINA",53288,,,Electrical Engineering and Computer Sciences,Professor,58,89,17,0.0,10,9909,2
4675,"KATZ, BORIS",1108083,,,Electrical Engineering and Computer Sciences,Other,6,20,16,0.0,1,165,0
1950,"KELLIS, MANOLIS",53694,,,Electrical Engineering and Computer Sciences,Professor,249,14,47,0.0,7,71223,4
2750,"KOLODZIEJSKI, LESLIE A",70294,,,Electrical Engineering and Computer Sciences,Professor,22,24,13,0.0,2,557,1
1280,"KONG, JING",151147,,,Electrical Engineering and Computer Sciences,Professor,425,48,6,0.0,5,43166,3
1335,"LANG, JEFFREY H",58424,,,Electrical Engineering and Computer Sciences,Professor,69,73,8,0.0,2,2229,2
2715,"LEE, HAE-SEUNG",152464,,,Electrical Engineering and Computer Sciences,Professor,184,44,2,0.0,1,6248,4
1370,"LEEB, STEVEN B",152565,,,Electrical Engineering and Computer Sciences,Professor,68,58,22,0.0,3,1088,0
1185,"LEISERSON, CHARLES E",66842,,,Electrical Engineering and Computer Sciences,Professor,22,42,20,0.0,12,1408,2
6700,"LYNCH, NANCY ANN",95831,,,Electrical Engineering and Computer Sciences,Professor,39,88,30,0.0,10,1184,10
1475,"MADDEN, SAMUEL R",72171,,,Electrical Engineering and Computer Sciences,Professor,83,121,18,0.0,4,9946,11
1055,"MATUSIK, WOJCIECH",488080,,,Electrical Engineering and Computer Sciences,Professor,122,88,12,0.0,3,5089,4
1505,"MEDARD, MURIEL",106318,,,Electrical Engineering and Computer Sciences,Professor,136,322,27,0.0,9,10463,10
2555,"MEGRETSKI, ALEXANDRE",156094,,,Electrical Engineering and Computer Sciences,Professor,22,37,9,0.0,1,617,4
7015,"MICALI, SILVIO",106867,,,Electrical Engineering and Computer Sciences,Professor,17,32,3,0.0,8,1057,2
1170,"MILLER, ROBERT C",156619,,,Electrical Engineering and Computer Sciences,Professor,57,96,3,0.0,2,4146,0
1150,"MITHAL, ARVIND",627138,,,Electrical Engineering and Computer Sciences,Professor,11,34,11,0.0,0,437,0
1530,"MORRIS, ROBERT TAPPAN",157314,,,Electrical Engineering and Computer Sciences,Professor,46,32,6,0.0,7,5051,0
23740,"OLIVA, AUDE",73950,,,Electrical Engineering and Computer Sciences,Other,188,30,10,0.0,8,11816,2
23710,"OLIVER, WILLIAM D",1108296,,,Electrical Engineering and Computer Sciences,Associate,79,7,17,0.0,1,3283,0
1205,"O'REILLY, UNA-MAY",779106,,,Electrical Engineering and Computer Sciences,Other,22,114,10,0.0,0,1167,28
2040,"OZDAGLAR, ASUMAN E",159339,,,Electrical Engineering and Computer Sciences,Professor,119,87,9,0.0,2,8566,6
1275,"PALACIOS, TOMAS",113951,,,Electrical Engineering and Computer Sciences,Professor,242,100,44,0.0,10,16104,3
5120,"PARRILO, PABLO A",115030,,,Electrical Engineering and Computer Sciences,Professor,81,56,10,0.0,7,6075,10
4115,"PERREAULT, DAVID J",91892,,,Electrical Engineering and Computer Sciences,Professor,81,115,10,0.0,4,4382,4
1710,"RAM, RAJEEV J",161585,,,Electrical Engineering and Computer Sciences,Professor,99,107,36,0.0,5,4260,1
3985,"REED, CHARLOTTE M",1108052,,,Electrical Engineering and Computer Sciences,Other,106,9,11,0.0,1,15954,0
2730,"REIF, L RAFAEL",289066,,,Electrical Engineering and Computer Sciences,Professor,36,6,7,0.0,6,1133,5
1070,"RINARD, MARTIN C",79281,,,Electrical Engineering and Computer Sciences,Professor,49,109,20,0.0,4,3286,10
1175,"RIVEST, RONALD L",98082,,,Electrical Engineering and Computer Sciences,Professor,17,28,4,0.0,11,1281,14
5550,"RUBINFELD, RONITT",99686,,,Electrical Engineering and Computer Sciences,Professor,27,29,10,0.0,7,652,9
1515,"RUS, DANIELA L",175959,,,Electrical Engineering and Computer Sciences,Professor,166,343,36,0.0,16,15138,53
7555,"SCHINDALL, JOEL E",121795,,,Electrical Engineering and Computer Sciences,Other,4,3,5,0.0,0,224,0
1790,"SCHMIDT, MARTIN ARNOLD",121863,,,Electrical Engineering and Computer Sciences,Professor,205,32,9,0.0,1,8460,0
8540,"SENEFF, STEPHANIE",1108084,,,Electrical Engineering and Computer Sciences,Other,44,22,2,0.0,1,764,2
1480,"SHAH, DEVAVRAT",122541,,,Electrical Engineering and Computer Sciences,Professor,95,102,18,0.0,3,6224,7
1180,"SHAVIT, NIR N",488082,,,Electrical Engineering and Computer Sciences,Professor,28,60,12,0.0,2,2123,10
4680,"SHROBE, HOWARD E",1108085,,,Electrical Engineering and Computer Sciences,Other,10,24,37,0.0,3,348,7
3035,"SODINI, CHARLES G",166619,,,Electrical Engineering and Computer Sciences,Other,35,52,5,0.0,1,1768,3
6885,"SZOLOVITS, PETER",107502,,,Electrical Engineering and Computer Sciences,Professor,81,18,46,0.0,5,3482,3
1040,"TORRALBA, ANTONIO",169255,,,Electrical Engineering and Computer Sciences,Professor,124,120,13,0.0,5,16788,18
2365,"TSITSIKLIS, JOHN N",109910,,,Electrical Engineering and Computer Sciences,Professor,87,45,13,0.0,8,4044,5
3655,"VOLDMAN, JOEL",127691,,,Electrical Engineering and Computer Sciences,Professor,69,10,18,0.0,3,4085,3
3955,"WARDE, CARDINAL",112854,,,Electrical Engineering and Computer Sciences,Professor,9,7,7,0.0,2,32,0
1350,"WATTS, MICHAEL",412263,,,Electrical Engineering and Computer Sciences,Associate,94,150,12,0.0,0,4569,0
1095,"WHITE, JACOB K",96690,,,Electrical Engineering and Computer Sciences,Professor,83,57,17,0.0,1,2548,1
15290,"WILLIAMS, RICHARD RYAN",487788,,,Electrical Engineering and Computer Sciences,Associate,60,59,3,0.0,6,2737,0
7705,"WINSTON, PATRICK H",129630,,,Electrical Engineering and Computer Sciences,Professor,6,0,28,0.0,1,17,4
2570,"WONG, NGAI CHUEN",176616,,,Electrical Engineering and Computer Sciences,Other,118,139,20,0.0,1,3225,0
1770,"WORNELL, GREGORY W",172613,,,Electrical Engineering and Computer Sciences,Professor,50,107,28,0.0,4,12791,4
7235,"ZHENG, LIZHONG",173628,,,Electrical Engineering and Computer Sciences,Professor,39,65,13,0.0,3,1743,1
2560,"BERTSEKAS, DIMITRI P",1079557,,,Electrical Engineering and Computer Sciences,Other,39,11,7,0.0,5,805,13
4230,"CHRISTIA, FOTINI",176625,,,Institute for Data,Professor,18,0,0,0.0,3,191,6
4015,"COUGHLIN, JOSEPH F",287394,,,Institute for Data,Other,84,48,18,0.0,3,1993,8
10380,"DE NEUFVILLE, RICHARD L",604594,,,Institute for Data,Professor,43,10,0,0.0,3,895,12
2625,"FINKELSTEIN, STAN NEIL",370156,,,Institute for Data,Other,47,14,8,0.0,0,1087,3
5215,"GAMARNIK, DAVID",42291,,,Institute for Data,Professor,65,16,5,0.0,0,792,2
5020,"LARSON, RICHARD CHARLES",58666,,,Institute for Data,Other,45,2,12,0.0,7,1457,0
4225,"LO, ANDREW W",62691,,,Institute for Data,Professor,167,1,2,0.0,14,5121,85
3940,"MAGEE, CHRISTOPHER L",154380,,,Institute for Data,Other,57,5,2,0.0,3,858,5
6215,"MARKS, DAVID H",66174,,,Institute for Data,Other,3,0,14,0.0,1,403,0
16715,"MOSSEL, ELCHANAN",750286,,,Institute for Data,Professor,117,37,6,0.0,7,2458,2
3760,"OYE, KENNETH A",159334,,,Institute for Data,Professor,24,1,2,0.0,0,820,10
1455,"PENTLAND, ALEX PAUL",115847,,,Institute for Data,Professor,153,103,18,0.0,7,11457,55
4040,"RHODES, DONNA H",289086,,,Institute for Data,Other,63,37,17,0.0,2,768,4
6535,"ROOS, DANIEL",175952,,,Institute for Data,Other,2,2,1,0.0,1,120,2
7050,"SRA, SUVRIT",827946,,,Electrical Engineering and Computer Sciences,Associate,28,22,5,0.0,2,1781,12
9640,"PERREAU, BRUNO",412266,,,Global Studies and Languages Section,Professor,15,0,0,0.0,5,8,5
9695,"TENG, EMMA J",412299,,,Global Studies and Languages Section,Professor,8,0,1,0.0,4,5,12
4835,"ANNASWAMY, ANURADHA M",176136,,,Mechanical Engineering,Other,86,153,40,0.0,3,2464,6
3345,"ASADA, HARUHIKO",131768,,,Mechanical Engineering,Professor,96,195,21,0.0,8,3103,12
3320,"BARBASTATHIS, GEORGE",132426,,,Mechanical Engineering,Professor,153,203,16,0.0,3,4038,3
23850,"BARSOTTI, LISA",935373,,,,,263,20,0,0.0,4,34332,0
2675,"BAUTZ, MARSHALL W",432424,,,Physics,Other,110,85,42,0.0,0,6457,2
23615,"BOUMA, BRETT",630658,,,Institute for Medical Engineering and Science (IMES),Other,239,90,0,0.0,1,11357,15
2915,"BREAZEAL, CYNTHIA LYNN",12743,,,Media Arts and Sciences,Associate,45,123,17,0.0,5,4041,13
2460,"BURGER, JOSEPH D",176378,,,,,70,3,0,0.0,0,4336,0
3115,"BUSZA, WIT",15477,,,Physics,Other,1055,11,0,0.0,1,40785,1
2465,"CAI, XUDONG",287214,,,,,163,2,0,0.0,0,11471,0
2455,"CAPELL, MICHAEL H",176377,,,,,65,1,0,0.0,0,4225,0
3635,"CHAKRABARTY, DEEPTO",18739,,,Physics,Professor,120,15,78,0.0,5,4956,0
15580,"CHANG, YIN HAO",836166,,,,,101,0,0,0.0,1,7055,0
3270,"CHEN, GANG",287297,,,Mechanical Engineering,Professor,1385,160,46,0.0,13,53202,2
1425,"CIMA, MICHAEL J",20524,,,Materials Science and Engineering,Professor,114,5,11,0.0,5,4279,4
6635,"COHEN, RICHARD J",137517,,,Institute for Medical Engineering and Science (IMES),Professor,47,4,15,0.0,2,1006,0
5960,"EDELMAN, ELAZER R",140709,,,Institute for Medical Engineering and Science (IMES),Professor,329,16,20,0.0,9,7707,15
2470,"FISHER, PETER H",142162,,,Physics,Professor,275,13,5,0.0,2,13722,0
1260,"FITZGERALD, EUGENE A",38449,,,Materials Science and Engineering,Professor,332,92,23,0.0,2,11010,5
2240,"HERR, HUGH M",47614,,,Media Arts and Sciences,Professor,78,51,66,0.0,3,6005,1
2065,"JOANNOPOULOS, JOHN",51541,,,Physics,Professor,270,125,27,0.0,11,22843,6
2755,"JOHNSON, STEVEN G",288194,,,Mathematics,Professor,209,71,3,0.0,1,11877,7
3325,"KAMM, ROGER DALE",176486,,,Mechanical Engineering,Other,300,23,59,0.0,7,15246,16
3885,"KETTERLE, WOLFGANG",66052,,,Physics,Professor,111,15,45,0.0,17,9965,4
1780,"KIM, SANG-GOOK",60327,,,Mechanical Engineering,Professor,100,41,3,0.0,1,5531,1
1090,"KIMERLING, LIONEL C",60448,,,Materials Science and Engineering,Professor,208,218,26,0.0,5,12287,4
1870,"LLOYD, SETH",93945,,,Mechanical Engineering,Professor,183,15,15,0.0,2,14027,2
6340,"MADNICK, STUART E",72230,,,Management,Professor,104,22,10,0.0,0,598,13
1760,"MAKRIS, NICHOLAS",154516,,,Mechanical Engineering,Professor,98,1,23,0.0,0,983,1
15780,"MIRONOV, CAMELIA MARIA",836835,,,,,1006,2,0,0.0,0,42032,0
17815,"PARK, JI HOON",836967,,,,,335,50,0,0.0,0,7915,4
2480,"PAUS, CHRISTOPH M. E",30783,,,Physics,Professor,1506,59,8,0.0,1,53265,0
1785,"RASKAR, RAMESH",176631,,,Media Arts and Sciences,Associate,132,254,18,0.0,4,6852,14
6620,"RICKER, GEORGE R",176530,,,Physics,Other,171,13,32,0.0,0,5682,2
3435,"ROLAND, CHRISTOF E",289165,,,,,1330,15,0,0.0,0,45827,0
3445,"ROLAND, GUNTHER M",120362,,,Physics,Professor,1135,19,4,0.0,1,44587,0
4515,"ROSENSON, LAWRENCE",544586,,,Physics,Other,42,0,0,0.0,0,2365,0
1235,"SCHUH, CHRISTOPHER A",102823,,,Materials Science and Engineering,Professor,266,2,31,0.0,13,12198,6
1615,"SLOCUM, ALEXANDER H",123583,,,Mechanical Engineering,Professor,171,55,29,0.0,11,2706,2
6920,"TEMKIN, RICHARD J",176617,,,Physics,Other,119,143,38,0.0,3,5529,3
2475,"TING, SAMUEL",16275,,,Physics,Professor,66,5,2,0.0,6,4205,2
3730,"TULLER, HARRY L",90491,,,Materials Science and Engineering,Professor,228,16,28,0.0,6,7964,15
7670,"WILCZEK, FRANK",129225,,,Physics,Professor,127,6,0,0.0,16,3541,35
3450,"WYSLOUCH, BOLESLAW",116604,,,Physics,Professor,1053,10,35,0.0,1,41300,1
3315,"YANNAS, IOANNIS V",100111,,,Mechanical Engineering,Professor,47,3,14,0.0,6,4016,13
9565,"CAPOZZOLA, CHRISTOPHER",395013,,,History Section,Professor,24,0,0,0.0,6,26,7
7945,"FOGELSON, ROBERT M",142351,,,History Section,Professor,1,0,0,0.0,1,0,7
5035,"KHOURY, PHILIP S",395017,,,History Section,Professor,10,0,0,0.0,2,14,4
9580,"MCCANTS, ANNE E. C",395019,,,History Section,Professor,42,0,0,0.0,1,85,7
9585,"RAVEL, JEFFREY S",395020,,,History Section,Professor,15,0,1,0.0,3,2,6
5030,"RITVO, HARRIET",395021,,,History Section,Professor,46,0,1,0.0,8,77,23
9590,"WILDER, CRAIG S",395023,,,History Section,Professor,2,0,0,0.0,5,1,5
8890,"BYRNE, ALEXANDER",176511,,,Linguistics and Philosophy,Professor,27,1,0,0.0,2,461,24
4280,"DEGRAFF, MICHEL ANNE-FREDERIC",28201,,,Linguistics and Philosophy,Professor,13,0,2,0.0,1,83,10
4985,"FLEMMING, EDWARD",35486,,,Linguistics and Philosophy,Associate,12,0,0,0.0,0,94,5
7940,"FLYNN, SUZANNE",142341,,,Linguistics and Philosophy,Professor,22,2,0,0.0,1,504,15
5080,"FOX, DANIEL",39386,,,Linguistics and Philosophy,Professor,23,1,0,0.0,1,504,9
8910,"MCGEE, VANN",176516,,,Linguistics and Philosophy,Professor,8,0,0,0.0,1,34,12
2360,"MIYAGAWA, SHIGERU",370157,,,Linguistics and Philosophy,Other,17,0,5,0.0,1,201,18
8905,"RAYO FIERRO, AGUSTIN",176515,,,Linguistics and Philosophy,Professor,17,0,0,0.0,3,111,3
6520,"RICHARDS, NORVIN W",79005,,,Linguistics and Philosophy,Professor,11,0,0,0.0,0,173,12
14615,"SCHWARZSCHILD, ROGER S",84052,,,Linguistics and Philosophy,Professor,10,0,0,0.0,0,175,3
14640,"SETIYA, KIERAN",122493,,,Linguistics and Philosophy,Professor,28,2,0,0.0,2,320,12
8895,"STALNAKER, ROBERT",176512,,,Linguistics and Philosophy,Other,25,0,0,0.0,4,350,38
9715,"FULLER, MARY C",412307,,,Literature Section,Professor,7,0,1,0.0,3,2,10
14655,"GUBAR, MARAH",145129,,,Literature Section,Associate,16,0,0,0.0,2,67,9
9720,"JACKSON, NOEL B",412308,,,Literature Section,Associate,7,0,0,0.0,0,12,3
9795,"TAPSCOTT, STEPHEN JAMES",412348,,,Literature Section,Professor,1,0,0,0.0,2,0,14
9800,"THORBURN, DAVID",412349,,,Literature Section,Professor,6,0,0,0.0,1,338,7
1470,"ANCONA, DEBORAH G",3709,,,Management,Professor,6,3,0,0.0,0,72,17
7730,"ASQUITH, PAUL",131823,,,Management,Professor,12,0,0,0.0,2,1258,4
1665,"AZOULAY, PIERRE",4942,,,Management,Professor,34,2,0,0.0,1,1505,6
2180,"BARNETT, ARNOLD I",132540,,,Management,Professor,13,0,2,0.0,3,77,2
2645,"BERNDT, ERNST R",9634,,,Management,Other,83,0,1,0.0,4,2432,17
2155,"BERTSIMAS, DIMITRIS J",133474,,,Management,Professor,163,7,15,0.0,8,8763,3
6235,"CARROLL, JOHN STEPHEN",136160,,,Management,Professor,34,8,4,0.0,1,970,10
3510,"CASTILLA, EMILIO J",17395,,,Management,Professor,16,8,0,0.0,2,905,1
8665,"CHEN, HUI",176096,,,Management,Associate,108,2,0,0.0,3,2974,0
6860,"CORE, JOHN E",412351,,,Management,Professor,42,0,0,0.0,0,2361,6
3975,"CURHAN, JARED R",24028,,,Management,Associate,24,8,1,0.0,2,842,6
3965,"CUSUMANO, MICHAEL A",23494,,,Management,Professor,55,4,0,0.0,2,1589,20
4355,"DOYLE, JOSEPH J",29237,,,Management,Professor,74,0,0,0.0,1,3707,0
3925,"EPPINGER, STEVEN D",31870,,,Management,Professor,21,5,0,0.0,0,987,5
4585,"FERNANDEZ, ROBERTO M",32178,,,Management,Professor,26,4,1,0.0,1,643,2
7950,"FORBES, KRISTIN J",142417,,,Management,Professor,48,0,0,0.0,1,1484,11
5130,"FREUND, ROBERT MICHAEL",40514,,,Management,Professor,39,2,5,0.0,1,541,0
3700,"GRAVES, STEPHEN C",144692,,,Management,Professor,61,4,4,0.0,6,966,1
6870,"HANLON, MICHELLE",412310,,,Management,Professor,53,0,0,0.0,7,4580,4
2940,"HAUSER, JOHN R",44238,,,Management,Professor,38,1,0,0.0,10,1663,11
5600,"HUANG, YASHENG",51003,,,Management,Professor,34,4,0,0.0,0,280,20
6125,"JOHNSON, SIMON",62732,,,Management,Professor,40,0,1,0.0,3,4279,12
8220,"KLEIN, MARK",288340,,,Management,Other,38,27,6,0.0,0,924,2
8685,"KNITTEL, CHRISTOPHER ROLAND",488089,,,Management,Professor,63,0,0,0.0,2,1556,4
2165,"KOCHAN, THOMAS ANTON",55939,,,Management,Professor,59,4,4,0.0,4,575,46
8135,"KOGAN, LEONID",151064,,,Management,Professor,39,1,0,0.0,4,1450,4
6090,"KOTHARI, S P",62449,,,Management,Professor,45,0,0,0.0,1,5709,0
2325,"LEVI, RETSEF",67313,,,Management,Professor,63,7,6,0.0,1,1043,1
21335,"LI, JING",856134,,,Management,Assistant,731,77,1,0.0,0,22522,0
5850,"MAGNANTI, THOMAS L",96424,,,Management,Professor,13,2,12,0.0,5,272,6
1465,"MALONE, THOMAS W",154583,,,Management,Professor,25,11,16,0.0,2,1510,20
2970,"MCAFEE, ANDREW P",544508,,,Management,Other,12,1,0,0.0,1,661,14
9815,"MERTON, ROBERT",412353,,,Management,Professor,29,1,0,0.0,8,266,86
4050,"MURRAY, FIONA E",71669,,,Management,Professor,52,4,9,0.0,2,2193,0
2980,"ORLIKOWSKI, WANDA J",642089,,,Management,Professor,32,14,1,0.0,3,5107,24
5290,"ORLIN, JAMES B",112966,,,Management,Professor,55,14,16,0.0,2,1409,14
10475,"ORPHANIDES, ATHANASIOS",627152,,,Management,Other,70,0,0,0.0,0,1463,18
9400,"OSTERMAN, PAUL",288861,,,Management,Professor,34,0,1,0.0,1,287,26
6810,"PAN, JUN",89562,,,Management,Professor,27,0,0,0.0,1,2449,1
10480,"PARKER, JONATHAN A",627153,,,Management,Professor,35,0,0,0.0,2,1889,18
24090,"PEPPARD, JOSEPH",1108067,,,Management,Other,22,4,0,0.0,0,2312,6
2195,"PERAKIS, GEORGIA",91824,,,Management,Professor,75,6,6,0.0,4,1322,1
6445,"PINDYCK, ROBERT S",76838,,,Management,Professor,32,1,0,0.0,3,1473,26
14675,"RAHMANDAD, HAZHIR",161522,,,Management,Associate,46,13,0,0.0,0,1187,6
1660,"REPENNING, NELSON",97260,,,Management,Professor,9,1,0,0.0,0,181,2
8375,"RIGOBON, ROBERTO",162469,,,Management,Professor,62,0,0,0.0,2,2212,24
7520,"ROBERTS, EDWARD B",120057,,,Management,Professor,26,4,0,0.0,0,661,4
8675,"ROSS, JEANNE W",289187,,,Management,Other,14,0,4,0.0,1,257,9
7765,"SAMAROV, ALEXANDER M",176504,,,Management,Other,6,0,4,0.0,1,185,2
7185,"SCHOAR, ANTOINETTE",102712,,,Management,Professor,68,1,0,0.0,5,4078,16
2905,"SIEGEL, MICHAEL D",289340,,,Management,Other,32,10,2,0.0,0,366,0
2965,"SIMESTER, DUNCAN",123270,,,Management,Professor,36,1,2,0.0,8,1544,5
6745,"STERMAN, JOHN",87196,,,Management,Professor,47,3,4,0.0,2,2645,14
6310,"STERN, SCOTT",412354,,,Management,Professor,70,4,1,0.0,3,2411,59
17330,"THESMAR, DAVID JEAN JOSEPH",827657,,,Management,Professor,73,0,0,0.0,2,2378,3
2945,"URBAN, GLEN L",169836,,,Management,Other,12,0,0,0.0,9,1224,15
10540,"VAN MAANEN, JOHN",642098,,,Management,Other,18,0,0,0.0,1,786,37
15685,"VAN REENEN, JOHN MICHAEL",501557,,,Management,Professor,106,0,0,0.0,9,7763,22
6080,"VERDI, RODRIGO",92221,,,Management,Professor,52,0,0,0.0,3,2969,0
6895,"VON HIPPEL, ERIC A",92712,,,Management,Professor,71,2,3,0.0,1,3821,29
6990,"WANG, JIANG",93970,,,Management,Professor,167,2,1,0.0,3,9429,1
6330,"WANG, RICHARD YNG-YUH",289654,,,Management,Other,9,1,2,0.0,0,187,3
6085,"WEBER, JOSEPH P",128501,,,Management,Professor,48,0,0,0.0,0,2666,0
1445,"WEILL, PETER D",176111,,,Management,Other,14,0,2,0.0,0,472,9
2710,"WELSCH, ROY E",171547,,,Management,Professor,43,8,1,0.0,5,727,6
7020,"WERNERFELT, BIRGER",96250,,,Management,Professor,34,1,0,0.0,3,204,12
18600,"WESTERMAN, GEORGE F",837848,,,Management,Other,10,0,0,0.0,0,298,5
7435,"WHINSTON, MICHAEL DENNIS",114534,,,Management,Professor,16,0,0,0.0,7,449,25
23950,"WIXOM, BARBARA",282922,,,Management,Other,12,9,0,0.0,0,1965,13
2975,"YATES, JOANNE",176089,,,Management,Professor,22,7,0,0.0,5,923,10
3465,"ZHANG, JUANJUAN",130887,,,Management,Professor,41,1,0,0.0,4,3744,1
1655,"ZUCKERMAN SIVAN, EZRA W",173824,,,Management,Professor,32,10,1,0.0,1,766,12
1140,"AKYLAS, TRIANTAPHYLLOS R",1665,,,Mechanical Engineering,Professor,41,1,16,0.0,1,517,0
1245,"ANAND, LALLIT",1934,,,Mechanical Engineering,Professor,64,7,13,0.0,4,3655,4
6010,"BENJAMIN, MICHAEL R",1108056,,,Mechanical Engineering,Other,8,26,7,0.0,0,472,0
3025,"BRISSON, JOHN G",13875,,,Mechanical Engineering,Professor,23,23,16,0.0,0,348,2
1815,"BUONASSISI, ANTHONY",135386,,,Mechanical Engineering,Professor,265,130,30,0.0,2,10508,2
4310,"CELANOVIC, IVAN L",544565,,,Mechanical Engineering,Other,54,38,3,0.0,0,3479,0
3555,"CHENG, WAI K",18400,,,Mechanical Engineering,Professor,38,32,9,0.0,1,851,0
3710,"CHUN, JUNG-HOON",20306,,,Mechanical Engineering,Professor,56,20,8,0.0,0,649,0
3340,"CULPEPPER, MARTIN",25706,,,Mechanical Engineering,Professor,52,21,14,0.0,3,1044,2
4840,"DEL VECCHIO, DOMITILLA",412280,,,Mechanical Engineering,Professor,58,92,20,0.0,1,2444,6
2215,"FANG, XUANLAI",488098,,,Mechanical Engineering,Professor,174,56,13,0.0,3,12951,11
1010,"FREY, DANIEL",36546,,,Mechanical Engineering,Professor,49,29,4,0.0,1,1480,1
2990,"GHONIEM, AHMED F",39115,,,Mechanical Engineering,Professor,189,63,16,0.0,5,5119,3
5300,"GIBSON, LORNA J",44299,,,Materials Science and Engineering,Professor,59,1,8,0.0,1,6485,1
15180,"GUO, MING",789760,,,Mechanical Engineering,Assistant,37,0,4,0.0,1,927,0
7990,"GUTOWSKI, TIMOTHY G",145335,,,Mechanical Engineering,Professor,41,22,9,0.0,0,2262,7
4270,"HADJICONSTANTINOU, NICOLAS",49523,,,Mechanical Engineering,Professor,62,16,6,0.0,2,1973,2
1215,"HARDT, DAVID E",45100,,,Mechanical Engineering,Professor,35,12,9,0.0,1,408,2
8980,"HART, ANASTASIOS JOHN",250993,,,Mechanical Engineering,Associate,266,16,26,0.0,7,12232,0
5640,"HART, DOUGLAS",51803,,,Mechanical Engineering,Professor,18,5,17,0.0,0,492,0
3095,"HOSOI, ANETTE PEKO",50247,,,Mathematics,Professor,61,12,13,0.0,3,2073,2
5885,"HUNTER, IAN",58965,,,Mechanical Engineering,Professor,57,52,11,0.0,3,2118,0
23915,"IWASA, YUKIKAZU",1108081,,,Mechanical Engineering,Other,133,2,31,0.0,1,2727,3
2820,"JACOBSON, JOSEPH",288062,,,Mechanical Engineering,Associate,32,5,8,0.0,0,1989,0
3155,"JONES, LYNETTE A",288217,,,Mechanical Engineering,Other,72,28,6,0.0,1,2494,2
5545,"KARNIK, ROHIT",64348,,,Mechanical Engineering,Professor,102,14,10,0.0,3,8524,5
15225,"KIM, JEEHWAN",789790,,,Materials Science and Engineering,Associate,131,12,11,0.0,1,9072,0
4790,"KIM, SANGBAE",288319,,,Mechanical Engineering,Associate,52,58,9,0.0,4,7063,1
5880,"KREBS, HERMANO I",288361,,,Mechanical Engineering,Other,131,75,8,0.0,2,6492,13
1745,"LEONARD, JOHN J",60042,,,Mechanical Engineering,Professor,95,93,34,0.0,3,8869,19
5740,"LERMUSIAUX, PIERRE",53496,,,Mechanical Engineering,Professor,87,29,35,0.0,0,1760,0
2090,"LIU, YUMING",288491,,,Mechanical Engineering,Other,154,26,1,0.0,0,5439,0
3355,"MCKINLEY, GARETH H",412357,,,Mechanical Engineering,Professor,246,18,24,0.0,6,17140,1
1620,"PARKS, DAVID MOORE",75298,,,Mechanical Engineering,Professor,30,0,5,0.0,2,1063,0
6840,"PATERA, ANTHONY T",91373,,,Mechanical Engineering,Professor,61,6,18,0.0,1,3244,5
1430,"PATRIKALAKIS, NICHOLAS M",115250,,,Mechanical Engineering,Professor,19,28,19,0.0,0,556,5
3395,"PEACOCK, THOMAS",115546,,,Mechanical Engineering,Professor,60,4,17,0.0,1,1447,3
1220,"SARMA, SANJAY",121468,,,Mechanical Engineering,Professor,42,72,9,0.0,2,1746,12
1730,"SCHMIDT, HENRIK",289259,,,Mechanical Engineering,Professor,116,41,47,0.0,0,785,2
7200,"SCLAVOUNOS, PAUL D",102994,,,Mechanical Engineering,Professor,12,7,12,0.0,0,184,0
1375,"SHAO-HORN, YANG",165211,,,Materials Science and Engineering,Professor,344,16,17,0.0,12,35901,1
3390,"TECHET, ALEXANDRA H",289491,,,Mechanical Engineering,Professor,30,6,19,0.0,2,1148,1
3545,"TIAN, TIAN",544539,,,Mechanical Engineering,Other,179,71,3,0.0,0,1976,0
23715,"TRAVERSO, CARLO GIOVANNI",1108308,,,Mechanical Engineering,Assistant,90,4,2,0.0,0,1780,0
5770,"TRIANTAFYLLOU, MICHAEL S",169431,,,Mechanical Engineering,Professor,123,77,23,0.0,1,3481,6
5925,"TRUMPER, DAVID L",109735,,,Mechanical Engineering,Professor,43,14,16,0.0,1,677,1
9980,"TURITSYN, KONSTANTIN",488100,,,Mechanical Engineering,Associate,69,53,6,0.0,1,1985,0
7580,"VANDIVER, JOHN KIM",127333,,,Mechanical Engineering,Professor,6,30,8,0.0,2,364,0
3245,"VARANASI, KRIPA",289601,,,Mechanical Engineering,Professor,101,25,3,0.0,7,6051,1
6675,"WALLACE, DAVID",289640,,,Mechanical Engineering,Professor,23,21,4,0.0,1,528,0
1840,"WANG, EVELYN",112673,,,Mechanical Engineering,Professor,211,108,24,0.0,8,10464,4
5010,"WINTER, AMOS G",544530,,,Mechanical Engineering,Associate,38,66,11,0.0,3,318,0
3540,"WONG, VICTOR W",544541,,,Mechanical Engineering,Other,288,47,6,0.0,3,4460,0
6845,"YANG, MARIA",100078,,,Mechanical Engineering,Professor,50,50,11,0.0,3,1102,0
2205,"YOUCEF-TOUMI, KAMAL",130531,,,Mechanical Engineering,Professor,86,81,3,0.0,3,1645,5
5735,"YUE, DICK K. P",100652,,,Mechanical Engineering,Professor,72,16,54,0.0,1,1355,4
14770,"ZHAO, XUANHE",435117,,,Mechanical Engineering,Associate,177,6,12,0.0,6,15503,2
2000,"BERGER LEIGHTON, BONNIE",287114,,,Mathematics,Professor,173,28,15,0.0,12,9766,2
4945,"BEZRUKAVNIKOV, ROMAN",287125,,,Mathematics,Professor,38,2,7,0.0,9,443,4
9820,"BORODIN, ALEXEI",412355,,,Mathematics,Professor,95,1,4,0.0,11,1783,8
3420,"BUSH, JOHN W. M",15460,,,Mathematics,Professor,120,4,7,0.0,5,3832,2
3695,"CHENG, HUNG",20214,,,Mathematics,Professor,5,0,0,0.0,0,193,1
5400,"COHN, HENRY",544526,,,Mathematics,Other,36,5,0,0.0,5,865,2
9165,"COLDING, TOBIAS",287369,,,Mathematics,Professor,47,0,7,0.0,8,730,4
9620,"DUNKEL, JOERN",627158,,,Mathematics,Associate,98,4,2,0.0,3,3309,1
1125,"EDELMAN, ALAN",33041,,,Mathematics,Professor,39,25,32,0.0,10,1894,3
4320,"ETINGOF, PAVEL I",35018,,,Mathematics,Professor,120,1,20,0.0,4,1272,11
4845,"FREEDMAN, DANIEL Z",34298,,,Mathematics,Other,41,3,6,0.0,9,1282,1
7985,"GOEMANS, MICHEL X",144133,,,Mathematics,Professor,19,20,13,0.0,10,945,2
6260,"GUILLEMIN, VICTOR W",145178,,,Mathematics,Professor,52,0,4,0.0,7,252,20
6780,"JERISON, DAVID S",148903,,,Mathematics,Professor,28,0,8,0.0,7,184,19
5665,"KAC, VICTOR",52712,,,Mathematics,Professor,98,3,10,0.0,11,811,12
6525,"KELNER, JONATHAN ADAM",150169,,,Mathematics,Professor,11,23,3,0.0,3,679,2
5145,"KIM, JU-LEE",66628,,,Mathematics,Professor,24,1,5,0.0,5,589,5
1565,"KLEIMAN, STEVEN L",55226,,,Mathematics,Other,9,0,4,0.0,4,60,6
6185,"LUSZTIG, GEORGE",64189,,,Mathematics,Professor,78,1,11,0.0,14,245,9
6265,"MELROSE, RICHARD B",69031,,,Mathematics,Professor,20,3,7,0.0,4,150,7
7360,"MILLER, HAYNES R",156568,,,Mathematics,Professor,10,1,19,0.0,2,46,3
9155,"MINICOZZI, WILLIAM",544524,,,Mathematics,Professor,38,0,3,0.0,6,585,4
6590,"MROWKA, TOMASZ S",80906,,,Mathematics,Professor,20,1,16,0.0,16,287,14
8680,"POONEN, BJORN",176123,,,Mathematics,Professor,53,3,7,0.0,10,364,11
4965,"POSTNIKOV, ALEXANDER",93547,,,Mathematics,Professor,28,3,8,0.0,5,547,1
3370,"ROSALES, RODOLFO",163044,,,Mathematics,Professor,30,1,8,0.0,2,666,0
6720,"SHEFFIELD, SCOTT ROGER",176121,,,Mathematics,Professor,56,0,4,0.0,9,1384,4
3875,"SHOR, PETER WILLISTON",85149,,,Mathematics,Professor,46,8,7,0.0,16,1569,1
6740,"STAFFILANI, GIGLIOLA",86769,,,Mathematics,Professor,48,0,9,0.0,11,864,1
6955,"STANLEY, RICHARD P",167183,,,Mathematics,Other,52,0,9,0.0,10,328,23
4635,"STRANG, W GILBERT",289445,,,Mathematics,Professor,32,4,0,0.0,10,912,24
6790,"STROOCK, DANIEL W",88097,,,Mathematics,Other,21,4,4,0.0,5,46,20
15285,"ZHANG, WEI",406203,,,Mathematics,Professor,297,50,2,0.0,6,9539,2
23780,"BOVE, V MICHAEL",287147,,,Media Arts and Sciences,Other,19,50,6,0.0,1,361,3
3880,"GERSHENFELD, NEIL A",36510,,,Media Arts and Sciences,Professor,19,17,30,0.0,6,1161,22
1050,"ISHII, HIROSHI",49899,,,Media Arts and Sciences,Professor,31,166,0,0.0,2,3067,0
8300,"LARSON, KENT",288398,,,Media Arts and Sciences,Other,6,32,5,0.0,0,1147,0
24135,"LIEBERMAN, ZACHARY M",1108309,,,Media Arts and Sciences,Other,0,1,0,0.0,0,23,1
23880,"LIPPMAN, ANDREW B",176632,,,Media Arts and Sciences,Other,11,31,1,0.0,0,2910,0
2900,"MACHOVER, TOD",96056,,,Media Arts and Sciences,Professor,5,1,0,0.0,4,243,6
5555,"MAES, PATRICIA",96199,,,Media Arts and Sciences,Professor,23,179,0,0.0,4,1803,9
5560,"PARADISO, JOSEPH A",159574,,,Media Arts and Sciences,Professor,47,108,2,0.0,0,3498,7
2875,"PICARD, ROSALIND W",76748,,,Media Arts and Sciences,Professor,88,132,10,0.0,6,8348,18
15005,"RAHWAN, IYAD",789771,,,Media Arts and Sciences,Associate,73,37,2,0.0,1,2056,12
2740,"RESNICK, MITCHEL J",78821,,,Media Arts and Sciences,Professor,11,26,14,0.0,6,2590,2
1450,"ROY, DEB K",99490,,,Media Arts and Sciences,Professor,19,51,6,0.0,0,3582,0
2075,"ZHANG, SHUGUANG",1108036,,,Media Arts and Sciences,Other,63,0,21,0.0,4,4187,0
1625,"BALLINGER, RONALD G",4218,,,Nuclear Science and Engineering,Other,26,7,21,0.0,1,224,1
15235,"BUCCI, MATTEO",827645,,,Nuclear Science and Engineering,Assistant,25,4,6,0.0,2,203,1
1385,"BUONGIORNO, JACOPO",14320,,,Nuclear Science and Engineering,Professor,94,22,19,0.0,3,7683,2
14600,"DANAGOULIAN, AREG",779069,,,Nuclear Science and Engineering,Assistant,23,2,3,0.0,1,218,0
3235,"DRISCOLL, MICHAEL J",544547,,,Nuclear Science and Engineering,Other,22,3,11,0.0,1,489,2
6390,"FORGET, BENOIT ROBERT YVES",176375,,,Nuclear Science and Engineering,Professor,84,15,14,0.0,0,765,1
19395,"GOMES LOUREIRO, NUNO F",827644,,,Nuclear Science and Engineering,Associate,63,2,7,0.0,2,1915,5
23670,"HAN, FEI",919223,,,Nuclear Science and Engineering,Other,140,4,0,0.0,0,3219,0
3220,"HU, LIN-WEN",288002,,,Nuclear Science and Engineering,Other,76,22,10,0.0,1,4332,76
5540,"HUTCHINSON, IAN HORNER",49337,,,Nuclear Science and Engineering,Professor,96,4,9,0.0,1,2642,2
7495,"KEMP, RONALD S",544544,,,Nuclear Science and Engineering,Associate,17,2,0,0.0,2,107,0
5515,"LABOMBARD, BRIAN",288383,,,Nuclear Science and Engineering,Other,193,19,0,0.0,1,5468,0
6395,"LANZA, RICHARD C",176374,,,Nuclear Science and Engineering,Other,39,25,20,0.0,1,791,5
7110,"LI, JU",488102,,,Materials Science and Engineering,Professor,772,51,17,0.0,6,31467,0
23870,"RAM, ABHAY KUMAR",289038,,,Nuclear Science and Engineering,Other,40,14,5,0.0,0,535,1
1575,"SHORT, MICHAEL P",544545,,,Nuclear Science and Engineering,Associate,82,7,14,0.0,1,771,0
3275,"SMITH, KORD S",123730,,,Nuclear Science and Engineering,Other,86,5,9,0.0,2,2016,0
1600,"TODREAS, NEIL E",544552,,,Nuclear Science and Engineering,Other,39,2,11,0.0,5,519,5
5495,"WHYTE, DENNIS G",171842,,,Nuclear Science and Engineering,Professor,170,13,6,0.0,2,5879,0
1315,"ASHOORI, RAYMOND",5233,,,Physics,Professor,21,1,13,0.0,5,2834,0
18310,"BARLETTA, WILLIAM",837855,,,Physics,Other,29,18,0,0.0,1,781,11
2550,"BENEDEK, GEORGE B",9067,,,Physics,Other,25,0,19,0.0,6,924,2
6105,"BERTOZZI, WILLIAM",544561,,,Physics,Other,74,5,5,0.0,2,2974,0
7760,"BERTSCHINGER, EDMUND W",133473,,,Physics,Professor,19,2,13,0.0,8,742,1
5510,"BONOLI, PAUL T",176522,,,Physics,Other,118,53,9,0.0,1,2946,1
3550,"BROMBERG, LESLIE",287171,,,Physics,Other,51,34,24,0.0,0,1333,1
3570,"CANIZARES, CLAUDE R",135925,,,Physics,Professor,45,5,69,0.0,8,1374,0
14845,"CHECKELSKY, JOSEPH",779064,,,Physics,Associate,61,0,7,0.0,2,6168,0
4700,"CONRAD, JANET MARIE",176520,,,Physics,Professor,415,15,17,0.0,10,32394,0
3865,"COPPI, BRUNO",21520,,,Physics,Other,40,8,5,0.0,5,161,0
23795,"COSTER, ANTHEA J",1108059,,,Physics,Other,124,17,14,0.0,1,2963,8
4305,"DETMOLD, WILLIAM",28897,,,Physics,Associate,97,167,4,0.0,2,3004,2
3055,"EVANS, MATTHEW J",544569,,,Physics,Associate,315,10,3,0.0,2,36851,0
3895,"FARHI, EDWARD H",141614,,,Physics,Other,20,1,5,0.0,4,899,0
4705,"FORMAGGIO, JOSEPH A",33722,,,Physics,Professor,78,13,18,0.0,2,3143,2
9230,"FOSTER, JOHN C",287723,,,Physics,Other,82,14,22,0.0,1,3428,1
23940,"FRENJE, JOHAN A",1108061,,,Physics,Other,243,27,3,0.0,1,6507,0
4525,"FRIEDMAN, JEROME I",544571,,,Physics,Other,24,0,1,0.0,8,679,4
3145,"FRITSCHEL, PETER K",287751,,,Physics,Other,262,8,3,0.0,4,35952,1
1690,"GEDIK, NUH",143520,,,Physics,Professor,76,10,19,0.0,4,3784,0
6690,"GOLDSTONE, JEFFREY",544572,,,Physics,Other,7,0,0,0.0,5,616,0
4880,"GREENWALD, MARTIN J",176528,,,Physics,Other,152,8,11,0.0,1,4376,0
6985,"HARROW, ARAM W",410690,,,Physics,Associate,53,25,7,0.0,4,1889,3
4020,"HEWITT, JACQUELINE N",45932,,,Physics,Professor,83,7,14,0.0,10,4805,0
23820,"HUBBARD, AMANDA E",288008,,,Physics,Other,149,18,6,0.0,1,4779,0
5935,"HUGHES, SCOTT A",58760,,,Physics,Professor,69,8,10,0.0,5,2970,0
23810,"IRBY, JAMES HENDERSON",288037,,,Physics,Other,80,9,2,0.0,0,1779,0
8080,"JACKIW, ROMAN W",148515,,,Physics,Other,36,10,1,0.0,8,888,8
3090,"JAFFE, ROBERT L",288070,,,Physics,Professor,50,4,1,0.0,7,2814,1
1685,"JARILLO-HERRERO, PABLO",176526,,,Physics,Professor,130,9,15,0.0,11,18845,2
6160,"JOSS, PAUL C",63365,,,Physics,Other,6,0,2,0.0,1,135,1
5160,"KAISER, DAVID I",149551,,,Physics,Professor,78,1,6,0.0,3,1606,24
3515,"KARDAR, MEHRAN",57520,,,Physics,Professor,122,0,10,0.0,10,4715,3
3105,"KATSAVOUNIDIS, EROTOKRITOS",64627,,,Physics,Other,247,3,6,0.0,1,35479,0
5195,"KLEPPNER, DANIEL",503286,,,Physics,Other,40,2,17,0.0,18,223,3
3455,"KLUTE, MARKUS",412285,,,Physics,Associate,1180,16,5,0.0,2,45867,0
6115,"KOWALSKI, STANLEY B",62571,,,Physics,Other,66,5,2,0.0,1,2742,1
6250,"LEE, PATRICK A",87714,,,Physics,Other,132,3,13,0.0,10,10301,0
3460,"LEE, YEN-JIE",627165,,,Physics,Associate,1117,7,1,0.0,3,40956,0
1825,"LEVITOV, LEONID",67444,,,Physics,Professor,121,2,2,0.0,1,9820,0
3475,"LIU, HONG",93697,,,Physics,Professor,413,13,0,0.0,8,14847,2
3160,"LONSDALE, COLIN JOHN",288505,,,Physics,Other,145,25,32,0.0,1,15228,0
5505,"MARMAR, EARL S",176614,,,Physics,Other,96,3,12,0.0,1,2931,0
3575,"MARSHALL, HERMAN",288594,,,Physics,Other,68,47,33,0.0,0,2132,0
4535,"MATTHEWS, JUNE L",74882,,,Physics,Other,14,1,0,0.0,4,246,0
3100,"MAVALVALA, NERGIS",67570,,,Physics,Professor,270,12,7,0.0,12,36580,0
15270,"METLITSKI, MAXIM A",827692,,,Physics,Assistant,35,3,1,0.0,3,2219,0
4695,"MILNER, RICHARD G",156681,,,Physics,Professor,96,25,25,0.0,3,3990,5
4325,"MIRNY, LEONID A",176242,,,Institute for Medical Engineering and Science (IMES),Professor,110,1,18,0.0,3,15820,5
4245,"MOODERA, JAGADEESH",544582,,,Physics,Other,159,2,34,0.0,3,6278,5
4295,"NEGELE, JOHN W",158047,,,Physics,Other,54,65,8,0.0,6,1975,12
9390,"NIELL, ARTHUR E",288816,,,Physics,Other,5,3,10,0.0,0,1156,0
6385,"PETRASSO, RICHARD D",176531,,,Physics,Other,246,22,47,0.0,3,6422,0
10240,"PLESS, IRWIN A",544585,,,Physics,Other,9,2,0,0.0,0,131,0
5525,"PORKOLAB, MIKLOS",93497,,,Physics,Other,103,24,13,0.0,4,2605,0
8925,"PRIGOZHIN, GREGORY",432460,,,Physics,Other,31,39,1,0.0,0,1880,0
2120,"PRITCHARD, DAVID E",118167,,,Physics,Professor,60,29,33,0.0,12,4345,4
3480,"RAJAGOPAL, KRISHNA",77816,,,Physics,Professor,70,11,1,0.0,4,3153,3
6155,"RAPPAPORT, SAUL A",96133,,,Physics,Other,105,2,21,0.0,3,3890,3
3560,"REMILLARD, RONALD A",289073,,,Physics,Other,111,18,22,0.0,1,7575,2
23825,"RICE, JOHN E",289089,,,Physics,Other,153,12,4,0.0,1,4684,0
2095,"RICHARDSON, JOHN D",289106,,,Physics,Other,140,18,27,0.0,0,3616,0
7365,"SCHATTENBURG, MARK L",176529,,,Physics,Other,36,68,34,0.0,1,934,0
5335,"SCHECHTER, PAUL L",82897,,,Physics,Other,41,10,15,0.0,5,1352,2
3210,"SHOEMAKER, DAVID H",176619,,,Physics,Other,249,10,6,0.0,1,36241,0
6605,"SIMCOE, ROBERT A",123266,,,Physics,Professor,62,17,16,0.0,2,3423,0
4255,"SOLJACIC, MARIN",104902,,,Physics,Professor,235,157,10,0.0,3,19452,2
6760,"STEWART, IAIN W",87271,,,Physics,Professor,105,21,2,0.0,5,3335,3
3110,"TAYLOR, WASHINGTON",60252,,,Physics,Professor,109,3,0,0.0,5,5622,3
5165,"TEGMARK, MAX ERIK",168639,,,Physics,Professor,144,10,5,0.0,13,27511,17
23800,"TERRY, JAMES L",289499,,,Physics,Other,170,8,3,0.0,2,5481,0
6765,"TODADRI, SENTHIL",90052,,,Physics,Professor,122,1,10,0.0,5,7588,3
2595,"VULETIC, VLADAN",170549,,,Physics,Professor,109,23,33,0.0,4,6581,3
3040,"WEISS, RAINER",503306,,,Physics,Other,240,2,1,0.0,18,35078,2
3870,"WEN, XIAO-GANG",114294,,,Physics,Professor,158,2,10,0.0,8,12960,5
3490,"WILLIAMS, MICHAEL",544556,,,Physics,Associate,769,22,12,0.0,1,25632,0
23785,"WUKITCH, STEPHEN JAMES",289757,,,Physics,Other,145,45,4,0.0,2,3304,1
6015,"ZWIEBACH, BARTON",118773,,,Physics,Professor,38,2,0,0.0,1,2367,4
3890,"ZWIERLEIN, MARTIN WOLFRAM",101953,,,Physics,Professor,57,5,16,0.0,13,7502,1
2530,"BERINSKY, ADAM",8842,,,Political Science,Professor,43,0,5,0.0,5,3696,16
3365,"CAMPBELL, ANDREA",15331,,,Political Science,Professor,27,0,1,0.0,4,482,26
6325,"CHOUCRI, NAZLI",137033,,,Political Science,Professor,33,7,2,0.0,2,146,15
5990,"LAWSON, CHAPPELL",59121,,,Political Science,Associate,20,0,2,0.0,1,433,16
6710,"NOBLES, MELISSA",85232,,,Political Science,Professor,6,0,0,0.0,1,27,11
6410,"PETERSEN, ROGER D",75913,,,Political Science,Professor,13,0,1,0.0,4,79,6
7500,"POSEN, BARRY R",117825,,,Political Science,Professor,10,0,14,0.0,3,148,38
7535,"SAMUELS, RICHARD J",121296,,,Political Science,Professor,19,0,2,0.0,9,75,18
9430,"SCHNEIDER, BEN ROSS",289264,,,Political Science,Professor,23,0,0,0.0,1,480,24
6715,"SINGER, DAVID",85582,,,Political Science,Professor,16,0,0,0.0,1,401,4
9450,"STEWART, CHARLES H",305129,,,Political Science,Professor,48,0,8,0.0,5,334,19
2300,"THELEN, KATHLEEN",289504,,,Political Science,Professor,26,0,0,0.0,8,1229,29
24015,"TIRMAN, JOHN",1108062,,,Political Science,Other,2,0,1,0.0,0,3,21
2450,"BEN-JOSEPH, ERAN",8272,,,Urban Studies and Planning,Professor,21,0,1,0.0,0,580,9
10280,"CAROLINI, GABRIELLA",544594,,,Urban Studies and Planning,Associate,10,0,0,0.0,0,132,4
23925,"DUARTE DE ARAUJO SILVA, FABIO",1108314,,,Urban Studies and Planning,Other,63,9,0,0.0,0,358,10
5005,"FRENCHMAN, DENNIS M",36532,,,Urban Studies and Planning,Professor,2,0,0,0.0,0,460,3
4025,"GELTNER, DAVID M",43440,,,Urban Studies and Planning,Professor,52,1,0,0.0,2,540,10
9290,"GLASMEIER, AMY K",287825,,,Urban Studies and Planning,Professor,49,0,2,0.0,2,523,12
3080,"JAMES, ERICA C",395008,,,Urban Studies and Planning,Associate,33,0,0,0.0,1,706,8
6450,"POLENSKE, KAREN R",77036,,,Urban Studies and Planning,Other,17,1,7,0.0,3,616,15
9685,"RYAN, BRENT",412290,,,Urban Studies and Planning,Associate,26,0,1,0.0,0,150,10
10285,"SAIZ, ALBERT",544595,,,Urban Studies and Planning,Associate,43,0,0,0.0,2,2610,6
23860,"SANTI, PAOLO",1108315,,,Urban Studies and Planning,Other,69,56,0,0.0,2,3105,2
8440,"SUSSKIND, LAWRENCE E",168083,,,Urban Studies and Planning,Professor,43,1,9,0.0,2,460,57
7170,"THOMPSON, J PHILLIP",289529,,,Urban Studies and Planning,Associate,15,0,0,0.0,1,86,12
7390,"VALE, LAWRENCE",110700,,,Urban Studies and Planning,Professor,20,0,0,0.0,6,226,34
2445,"ZEGRAS, PERICLES C",130791,,,Urban Studies and Planning,Professor,53,9,0,0.0,0,610,4
15245,"ZHENG, SIQI",827702,,,Urban Studies and Planning,Associate,80,5,0,0.0,1,1649,18
1860,"GROSSMAN, JEFFREY C",412313,,,Materials Science and Engineering,Professor,226,4,11,0.0,2,12962,0
23690,"VEERAMACHANENI, KALYAN",940604,,,Electrical Engineering and Computer Sciences,Other,13,62,1,0.0,0,793,4
1395,"HALL, STEVEN R",44050,,,,,17,9,6,0.0,0,475,0
14635,"LAGACE, PAUL A",151866,,,,,5,1,4,0.0,2,50,0
2765,"CONSTANTINE-PATON, MARTHA",22327,,,,,37,0,11,0.0,5,3486,1
2060,"FINK, YOEL",37997,,,Materials Science and Engineering,Professor,92,34,16,0.0,1,3349,2
2255,"ORTIZ, CHRISTINE",159170,,,Materials Science and Engineering,Professor,91,4,10,0.0,2,4283,0
3250,"RUBNER, MICHAEL F",163412,,,Materials Science and Engineering,Other,97,1,16,0.0,1,9364,1
1300,"THOMPSON, CARL VERNETTE",305114,,,Materials Science and Engineering,Professor,153,17,9,0.0,2,6827,1
3750,"KIRCHAIN, RANDOLPH E",96037,,,Materials Science and Engineering,Other,88,42,3,0.0,0,2408,12
8620,"BREWER, JUDITH A",1108049,,,Electrical Engineering and Computer Sciences,Other,1,7,3,0.0,0,213,0
15150,"BRODERICK, TAMARA",789751,,,Electrical Engineering and Computer Sciences,Associate,17,2,10,0.0,6,228,0
3200,"CLARK, DAVID D",779066,,,Electrical Engineering and Computer Sciences,Other,25,3,34,0.0,4,414,1
7770,"DASKALAKIS, KONSTANTINOS",370152,,,Electrical Engineering and Computer Sciences,Professor,27,67,6,0.0,10,1611,7
5570,"GOLLAND, POLINA",144262,,,Electrical Engineering and Computer Sciences,Professor,70,87,27,0.0,2,7214,19
15350,"JAFFE, JEFFREY",1108079,,,,,1,0,0,0.0,0,1,0
8605,"SOLLINS, KAREN R",1108086,,,Electrical Engineering and Computer Sciences,Other,5,9,12,0.0,2,421,0
5255,"STULTZ, COLLIN M",289449,,,Electrical Engineering and Computer Sciences,Professor,71,4,2,0.0,2,1606,1
1120,"SUSSMAN, GERALD J",168086,,,Electrical Engineering and Computer Sciences,Professor,6,3,8,0.0,8,243,5
4830,"TEDRAKE, RUSSELL L",168635,,,Electrical Engineering and Computer Sciences,Professor,29,100,20,0.0,8,4321,11
4340,"VAIKUNTANATHAN, VINOD",627140,,,Electrical Engineering and Computer Sciences,Associate,17,91,7,0.0,3,7194,24
6880,"MARK, ROGER G",154841,,,Institute for Medical Engineering and Science (IMES),Professor,50,43,27,0.0,4,3453,4
8040,"GEHRKE, LEE",176238,,,Institute for Medical Engineering and Science (IMES),Professor,43,0,13,0.0,1,2217,0
23650,"LIAU, JANE-JANE CHEN",287298,,,Institute for Medical Engineering and Science (IMES),Other,187,8,13,0.0,0,7751,2
5330,"ERICKSON, PHILIP J",432437,,,Physics,Other,92,19,15,0.0,0,1804,4
23625,"ARTZI, NATALIE",630568,,,,,61,0,1,0.0,0,1670,0
23640,"BALCELLS-CAMPS, MERCEDES",919213,,,Institute for Medical Engineering and Science (IMES),Other,34,0,0,0.0,0,961,0
6875,"HELDT, THOMAS",627137,,,Electrical Engineering and Computer Sciences,Associate,44,35,4,0.0,1,854,4
5605,"FU, LIANG",544555,,,Physics,Associate,190,7,3,0.0,7,22724,0
4045,"FORD, PETER GERALD",287719,,,,,19,5,12,0.0,0,421,0
10190,"FREBEL, ANNA L",544554,,,Physics,Associate,138,26,10,0.0,5,6216,7
7370,"HEILMANN, RALF K",432446,,,,,34,61,1,0.0,0,723,0
21350,"LI, LI EN",836694,,,,,988,22,0,0.0,0,19525,0
23760,"ROOZBEHANI, MARDAVIJ",939629,,,Electrical Engineering and Computer Sciences,Other,18,42,0,0.0,0,637,2
1805,"GRADECAK, SILVIJA",144588,,,Materials Science and Engineering,Professor,104,11,2,0.0,1,5825,1
6360,"HASELL, DOUGLAS K",287927,,,,,15,2,1,0.0,0,291,0
6750,"THALER, JESSE",412287,,,Physics,Associate,120,4,5,0.0,6,4829,0
14775,"WINSLOW, LINDLEY",502057,,,Physics,Assistant,88,23,5,0.0,2,5300,0
1105,"MICHEL, JURGEN",288691,,,Materials Science and Engineering,Other,144,150,9,0.0,0,8327,2
2285,"CARTER, W CRAIG",287251,,,Materials Science and Engineering,Professor,95,2,7,0.0,5,5506,4
2235,"CHIANG, YET-MING",136907,,,Materials Science and Engineering,Professor,171,0,30,0.0,9,10726,2
14850,"CISSE, IBRAHIM I",779065,,,Physics,Associate,25,1,3,0.0,4,2323,0
6830,"EAGAR, THOMAS W",140617,,,Materials Science and Engineering,Professor,17,0,11,0.0,6,92,0
14865,"HAN, RUONAN",779077,,,Electrical Engineering and Computer Sciences,Associate,33,34,15,0.0,1,852,0
1320,"ROSS, CAROLINE A",163144,,,Materials Science and Engineering,Professor,372,28,30,0.0,4,12600,6
3725,"SADOWAY, DONALD ROBERT",101745,,,Materials Science and Engineering,Professor,64,10,24,0.0,3,2725,4
1285,"DANIEL, LUCA",138781,,,Electrical Engineering and Computer Sciences,Professor,54,69,4,0.0,0,1276,0
15275,"RUPP, JENNIFER LILIA MARGUERITE",827683,,,Electrical Engineering and Computer Sciences,Associate,127,7,1,0.0,1,3847,2
3650,"DAO, MING",432434,,,Materials Science and Engineering,Other,137,6,7,0.0,0,8774,0
22965,"ROSS, FRANCES MARY",884356,,,Materials Science and Engineering,Professor,140,7,2,0.0,8,6204,8
2225,"BIZZI, EMILIO",176350,,,,,53,5,31,0.0,3,3081,7
22980,"HAN, SONG",856143,,,Electrical Engineering and Computer Sciences,Assistant,28,36,3,0.0,4,985,0
6405,"VELASQUEZ-HELLER, LUIS FERNANDO",1108055,,,Materials Science and Engineering,Other,58,59,16,0.0,0,951,0
5690,"FISCHER, MICHAEL M. J",53492,,,Science,Professor,56,0,1,0.0,2,462,36
17960,"FONG, MING-FAI",836349,,,,,9,1,1,0.0,1,254,0
18210,"KIMCHI, EYAL YAACOV",836611,,,,,24,0,1,0.0,0,677,0
5535,"CATTO, PETER J",176521,,,,,83,1,2,0.0,1,1185,0
23805,"GRANETZ, ROBERT S",287850,,,,,102,10,1,0.0,0,2905,0
7035,"LIM, JAE S",153222,,,Electrical Engineering and Computer Sciences,Professor,24,17,6,0.0,1,777,0
14670,"LIGHT, JENNIFER S",153197,,,Science,Professor,17,2,1,0.0,2,49,12
10075,"ASHFORD, NICHOLAS A",544486,,,,,16,0,2,0.0,1,285,2
